Data,Valore patrimoniale netto (USD)
15 agosto 2025,"$ 155,7772 USD"
14 agosto 2025,$ 155.7098 USD
13 agosto 2025,"$ 155,8775 USD"
12 agosto 2025,$ 154.8792 USD
11 agosto 2025,$ 153.4495 USD
8 agosto 2025,$ 153.8013 USD
7 agosto 2025,"$ 152,9829 USD"
6 agosto 2025,$ 152.5867 USD
5 agosto 2025,$ 151.6090 USD
4 agosto 2025,"$ 151,7877 USD"
1 agosto 2025,$ 150.0116 USD
31 luglio 2025,"$ 151,9471 USD"
30 luglio 2025,$ 152.6892 USD
29 luglio 2025,"$ 152,9373 USD"
28 luglio 2025,$ 153.5213 USD
25 luglio 2025,$ 153.8370 USD
24 luglio 2025,"153,8926 USD"
23 luglio 2025,$ 153.5383 USD
22 luglio 2025,"$ 151,9614 USD"
21 luglio 2025,"$ 151,9332 USD"
18 luglio 2025,$ 151.6321 USD
17 luglio 2025,$ 151.3489 USD
16 luglio 2025,$ 150.4995 USD
15 luglio 2025,$ 150.3794 USD
14 luglio 2025,"$ 150,8951 USD"
11 luglio 2025,"$ 150,7526 USD"
10 luglio 2025,"$ 151,3362 USD"
9 luglio 2025,$ 151.0141 USD
8 luglio 2025,150.2006 dollari USA
7 luglio 2025,$ 150.2906 USD
4 luglio 2025,$ 151.2497 USD
3 luglio 2025,"$ 151,3632 USD"
2 luglio 2025,$ 150.3714 USD
1 luglio 2025,"149,8944 USD"
30 giugno 2025,"$ 149,9342 USD"
27 giugno 2025,$ 149.4264 USD
26 giugno 2025,"$ 148,5853 USD"
25 giugno 2025,$ 147.3480 USD
24 giugno 2025,$ 147.4849 USD
23 giugno 2025,$ 145.3402 USD
20 giugno 2025,"$ 144,6635 USD"
19 giugno 2025,"$ 144,6662 USD"
18 giugno 2025,$ 146.1848 USD
17 giugno 2025,$ 146.3018 USD
16 giugno 2025,$ 147.4754 USD
13 giugno 2025,$ 146.1786 USD
12 giugno 2025,$ 147.7830 USD
11 giugno 2025,$ 147.3598 USD
10 giugno 2025,$ 147.4137 USD
9 giugno 2025,"$ 146,7813 USD"
6 giugno 2025,$ 146.4707 USD
5 giugno 2025,"$ 145,6585 USD"
4 giugno 2025,"145,9758 USA"
3 giugno 2025,"$ 145,4497 USA"
2 giugno 2025,"$ 144,9795 USA"
30 maggio 2025,"$ 144,4219 USA"
29 maggio 2025,"$ 144,5382 USA"
28 maggio 2025,"$ 143,8685 USA"
27 maggio 2025,"$ 144,6248 USA"
26 maggio 2025,"$ 142,9079 USA"
23 maggio 2025,"$ 142,5363 USA"
22 maggio 2025,"$ 142,9568 USA"
21 maggio 2025,"$ 143,4627 USA"
20 maggio 2025,"$ 144,6234 USA"
19 maggio 2025,"$ 144,7426 USA"
16 maggio 2025,"$ 144,3826 USA"
15 maggio 2025,"$ 143,6905 USA"
14 maggio 2025,"$ 143,2794 USA"
13 maggio 2025,"$ 142,7960 USA"
12 maggio 2025,"141,9002 dollari USA"
9 maggio 2025,"$ 138,9265 USA"
8 maggio 2025,"$ 138,6810 USA"
07 maggio 2025,138.4120 $ USA
06 maggio 2025,138.0626 $US
05 maggio 2025,138.7424 $ USA
02 maggio 2025,139.2000 $ USA
01 maggio 2025,136.8913 $US
30 aprile 2025,136.6378 $US
29 aprile 2025,136.2564 $US
28 aprile 2025,135.5885 $US
25 aprile 2025,135.1410 $ USA
24 aprile 2025,134.3603 $ USA
23 aprile 2025,132.4975 $US
22 aprile 2025,130.5656 $US
21 aprile 2025,128.4361 $US
17 aprile 2025,129.9409 $US
16 aprile 2025,129.6269 $US
15 aprile 2025,131.5542 $ USA
14 aprile 2025,131.1047 $ USA
11 aprile 2025,129.4613 $US
10 aprile 2025,127.6418 $US
09 aprile 2025,128.3406 $ USA
08 aprile 2025,121.7325 $US
07 aprile 2025,121.9741 $US
04 aprile 2025,125.2370 $ USA
03 aprile 2025,132.2399 $US
02 aprile 2025,136.7022 $US
01 aprile 2025,136.0847 $ USA
31 marzo 2025,135.2727 $ USA
28 marzo 2025,135.7769 $US
27 marzo 2025,137.8427 $ USA
26 marzo 2025,138.2425 $ USA
25 marzo 2025,139.4162 $ USA
24 marzo 2025,139.1187 $ USA
21 marzo 2025,137.6169 $US
20 marzo 2025,137.8752 $US
19 marzo 2025,138.6298 $US
18 marzo 2025,137.7301 $US
17 marzo 2025,138.3085 $US
14 marzo 2025,$ 137.0910 USD
13 marzo 2025,"$ 134,7439 USD"
12 marzo 2025,"$ 136,1757 USD"
11 marzo 2025,$ 135.5049 USD
10 marzo 2025,$ 136.4941 USD
7 marzo 2025,"$ 139,5225 USD"
6 marzo 2025,"$ 139,2671 USD"
5 marzo 2025,$ 140.4681 USD
4 marzo 2025,$ 138.4020 USD
3 marzo 2025,"$ 139,9796 USD"
28 febbraio 2025,"$ 141,0057 USD"
27 febbraio 2025,$ 140.1754 USD
26 febbraio 2025,"$ 142,0311 USD"
25 febbraio 2025,$ 141.6396 USD
24 febbraio 2025,"$ 142,2621 USD"
21 febbraio 2025,"$ 142,8909 USD"
20 febbraio 2025,$ 144.3007 USD
19 febbraio 2025,144.7394 USD
18 febbraio 2025,"$ 144,8872 USD"
17 febbraio 2025,$ 144.5020 USD
14 febbraio 2025,"$ 144,3145 USD"
13 febbraio 2025,"$ 143,9919 USD"
12 febbraio 2025,$ 142.4154 USD
11 febbraio 2025,"$ 142,5665 USD"
10 febbraio 2025,$ 142.5940 USD
7 febbraio 2025,"$ 141,9084 USD"
6 febbraio 2025,$ 142.8450 USD
5 febbraio 2025,"$ 142,2464 USD"
4 febbraio 2025,"$ 141,4625 USD"
3 febbraio 2025,$ 140.2387 USD
31 gennaio 2025,$ 141.8308 USD
30 gennaio 2025,"$ 142,3857 USD"
29 gennaio 2025,$ 141.5318 USD
28 gennaio 2025,$ 141.7060 USD
27 gennaio 2025,"140,9842 USD"
24 gennaio 2025,"$ 142,3932 USD"
23 gennaio 2025,"$ 142,2334 USD"
22 gennaio 2025,"$ 141,6592 USD"
21 gennaio 2025,"$ 140,9579 USD"
20 gennaio 2025,$ 140.0165 USD
17 gennaio 2025,$ 139.5003 USA
16 gennaio 2025,"$ 138,4425 USD"
15 gennaio 2025,138.2007 dollari USA
14 gennaio 2025,$ 136.1150 USD
13 gennaio 2025,$ 135.6769 USD
10 gennaio 2025,$ 136.0362 USD
9 gennaio 2025,"$ 137,9086 USD"
8 gennaio 2025,"$ 137,9839 USD"
7 gennaio 2025,$ 138.1922 USD
6 gennaio 2025,$ 139.0990 USD
3 gennaio 2025,$ 138.1972 USA
2 gennaio 2025,"137,0585 USD"
31 dicembre 2024,$ 137.2658 USD
30 dicembre 2024,"$ 137,6541 USD"
27 dicembre 2024,"$ 138,9044 USD"
26 dicembre 2024,$ 139.6286 USD
24 dicembre 2024,"$ 139,5857 USD"
23 dicembre 2024,$ 138.4806 USD
20 dicembre 2024,$ 137.6320 USD
19 dicembre 2024,"$ 136,8731 USD"
18 dicembre 2024,"$ 137,9107 USD"
17 dicembre 2024,$ 140.8271 USD
16 dicembre 2024,$ 141.4402 USD
13 dicembre 2024,$ 141.1792 USD
12 dicembre 2024,$ 141.5423 USD
11 dicembre 2024,"$ 142,4475 USD"
10 dicembre 2024,$ 141.6700 USD
9 dicembre 2024,"$ 142,3922 USD"
6 dicembre 2024,$ 142.8224 USD
5 dicembre 2024,"$ 142,5554 USD"
4 dicembre 2024,$ 142.5417 USD
3 dicembre 2024,"$ 141,9048 USD"
02 dicembre 2024,"141,3354 dollari USA"
29 novembre 2024,"140,9634 dollari USA"
28 novembre 2024,"140,2597 dollari USA"
27 novembre 2024,"140,2511 dollari USA"
26 novembre 2024,"140,3484 dollari USA"
25 novembre 2024,"140,1164 dollari USA"
22 novembre 2024,"139,5270 dollari USA"
21 novembre 2024,"139,0872 dollari USA"
20 novembre 2024,"138,5241 dollari USA"
19 novembre 2024,"138,7845 dollari USA"
18 novembre 2024,138.1985 $ USA
15 novembre 2024,"137,7135 dollari USA"
14 novembre 2024,"139,0627 dollari USA"
13 novembre 2024,"139,6322 dollari USA"
12 novembre 2024,"139,9428 dollari USA"
11 novembre 2024,"140,9666 $US"
08 novembre 2024,"140,9987 dollari USA"
07 novembre 2024,"140,9371 dollari USA"
06 novembre 2024,"139,6160 dollari USA"
05 novembre 2024,137.8021 $US
04 novembre 2024,136.4603 $ USA
01 novembre 2024,136.4953 $US
31 ottobre 2024,136.0569 $US
30 ottobre 2024,138.0582 $ USA
29 ottobre 2024,138.5429 $US
28 ottobre 2024,138.5199 $US
25 ottobre 2024,138.1035 $ USA
24 ottobre 2024,138.1444 $ USA
23 ottobre 2024,137.9520 $US
22 ottobre 2024,139.0679 $US
21 ottobre 2024,139.4558 $US
18 ottobre 2024,139.9810 $US
17 ottobre 2024,139.2164 $ USA
16 ottobre 2024,139.2531 $US
15 ottobre 2024,139.1219 $US
14 ottobre 2024,140.0504 $US
11 ottobre 2024,139.3692 $ USA
10 ottobre 2024,138.6494 $US
09 ottobre 2024,138.6672 $US
08 ottobre 2024,138.0789 $US
07 ottobre 2024,137.9694 $US
04 ottobre 2024,138.5390 $US
03 ottobre 2024,137.7079 $US
02 ottobre 2024,138.2636 $ USA
01 ottobre 2024,138.3393 $US
30 settembre 2024,139.2741 $ USA
27 settembre 2024,139.4540 $ USA
26 settembre 2024,138.9788 $US
25 settembre 2024,137.7719 $US
24 settembre 2024,137.9183 $US
23 settembre 2024,137.1781 $ USA
20 settembre 2024,136.7575 $US
19 settembre 2024,137.1080 $ USA
18 settembre 2024,134.9712 $US
17 settembre 2024,135.3546 $US
16 settembre 2024,135.3042 $ USA
13 settembre 2024,$ 135.0563 USD
12 settembre 2024,$ 134.1874 USD
11 settembre 2024,$ 133.3607 USD
10 settembre 2024,$ 132.6009 USD
9 settembre 2024,$ 132.4220 USD
6 settembre 2024,$131.6777
5 settembre 2024,"$ 133,2756 USD"
4 settembre 2024,"$ 133,6413 USD"
3 settembre 2024,"$ 134,3574 USD"
2 settembre 2024,$ 136.4593 USD
30 agosto 2024,$ 136.5721 USD
29 agosto 2024,$ 135.5320 USD
28 agosto 2024,$ 135.5154 USD
27 agosto 2024,$ 136.0480 USD
26 agosto 2024,"$ 135,9048 USD"
23 agosto 2024,$ 136.1049 USD
22 agosto 2024,"$ 134,7322 USD"
21 agosto 2024,$ 135.4651 USD
20 agosto 2024,"$ 135,0427 USD"
19 agosto 2024,$ 135.0766 USD
16 agosto 2024,"$ 133,8443 USD"
15 agosto 2024,$133.0303
14 agosto 2024,$ 131.5213 USD
13 agosto 2024,"$ 130,7485 USD"
12 agosto 2024,"$ 128,8966 USD"
9 agosto 2024,$ 128.8849 USD
8 agosto 2024,"$ 127,9806 USD"
7 agosto 2024,$ 126.2392 USD
6 agosto 2024,$ 126.1974 USD
5 agosto 2024,$ 124.6863 USD
2 agosto 2024,"$ 128,8658 USD"
1 agosto 2024,$ 131.4872 USD
31 luglio 2024,133.2007 dollari USA
30 luglio 2024,"$ 131,1313 USA"
29 luglio 2024,$ 131.5768 USD
26 luglio 2024,$ 131.4105 USD
25 luglio 2024,"$ 130,3322 USD"
24 luglio 2024,"$ 131,3126 USD"
23 luglio 2024,$ 133.4458 USD
22 luglio 2024,$ 133.5381 USD
19 luglio 2024,$ 132.5830 USD
18 luglio 2024,"$ 133,6708 USD"
17 luglio 2024,$ 134.6699 USD
16 luglio 2024,"$ 135,7961 USD"
15 luglio 2024,$ 135.4128 USD
12 luglio 2024,"$ 135,3846 USD"
11 luglio 2024,"$ 134,6842 USD"
10 luglio 2024,$ 134.6910 USD
9 luglio 2024,$ 133.5742 USD
8 luglio 2024,"$ 133,6265 USD"
5 luglio 2024,$ 133.5463 USD
4 luglio 2024,$ 133.1249 USD
3 luglio 2024,$ 132.7204 USD
2 luglio 2024,"$ 131,7442 USD"
luglio 2024,$ 131.2591 USD
28 giugno 2024,"$ 130,9451 USD"
27 giugno 2024,$ 131.1972 USD
26 giugno 2024,$ 131.1893 USD
25 giugno 2024,$ 131.2040 USD
24 giugno 2024,$ 130.8084 USD
21 giugno 2024,"$ 130,7665 USD"
20 giugno 2024,"$ 131,2685 USD"
19 giugno 2024,"$ 131,3643 USD"
18 giugno 2024,$ 131.1636 USD
17 giugno 2024,$ 130.5970 USD
14 giugno 2024,$ 130.1298 USD
13 giugno 2024,"$ 130,4926 USD"
12 giugno 2024,$ 131.6376 USD
11 giugno 2024,"$ 130,3858 USD"
10 giugno 2024,$ 130.5248 USD
7 giugno 2024,$ 130.4513 USD
6 giugno 2024,"$ 130,8075 USD"
5 giugno 2024,$ 130.4507 USD
giugno 2024,"$ 129,3689 USA"
3 giugno 2024,"$ 129,6068 USA"
31 maggio 2024,"$ 129,0130 USA"
30 maggio 2024,"$ 128,2596 USA"
29 maggio 2024,"$ 128,7253 USA"
28 maggio 2024,"$ 130,0779 USA"
27 maggio 2024,"$ 130,2124 USA"
24 maggio 2024,"$ 129,9065 USA"
23 maggio 2024,"$ 129,5151 USA"
22 maggio 2024,"$ 130,2026 USA"
21 maggio 2024,"$ 130,6468 USA"
20 maggio 2024,"$ 130,6485 USA"
17 maggio 2024,"$ 130,4458 USA"
16 maggio 2024,"$ 130,2856 USA"
15 maggio 2024,"$ 130,1678 USA"
14 maggio 2024,"$ 128,8874 USA"
13 maggio 2024,"$ 128,3994 USA"
10 maggio 2024,"$ 128,2654 USA"
9 maggio 2024,"$ 127,8309 USA"
08 maggio 2024,127.3238 $US
07 maggio 2024,127.5636 $US
06 maggio 2024,127.1769 $US
03 maggio 2024,126.1554 $ USA
02 maggio 2024,124.7151 $US
01 maggio 2024,123.6669 $US
30 aprile 2024,124.0198 $US
29 aprile 2024,125.4090 $US
26 aprile 2024,124.8786 $US
25 aprile 2024,123.7858 $US
24 aprile 2024,124.4427 $ USA
23 aprile 2024,124.2190 $ USA
22 aprile 2024,122.7921 $US
19 aprile 2024,121.7918 $US
18 aprile 2024,122.7538 $US
17 aprile 2024,122.6888 $US
16 aprile 2024,123.1667 $ USA
15 aprile 2024,124.1679 $ USA
12 aprile 2024,125.3981 $US
11 aprile 2024,126.8442 $US
10 aprile 2024,126.5075 $US
09 aprile 2024,127.5599 $US
08 aprile 2024,127.3549 $US
05 aprile 2024,127.0713 $US
04 aprile 2024,126.6023 $US
03 aprile 2024,127.2506 $ USA
02 aprile 2024,127.1259 $US
01 aprile 2024,127.7191 $US
28 marzo 2024,128.0882 $US
27 marzo 2024,127.9923 $US
26 marzo 2024,127.2643 $ USA
25 marzo 2024,127.4078 $US
22 marzo 2024,127.7266 $US
21 marzo 2024,128.0379 $US
20 marzo 2024,127.1642 $ USA
19 marzo 2024,126.4040 $US
18 marzo 2024,126.1048 $ USA
15 marzo 2024,$125.4555
14 marzo 2024,$ 126.2650 USD
13 marzo 2024,"$ 126,9909 USD"
12 marzo 2024,$ 127.0762 USD
11 marzo 2024,"$ 125,9745 USD"
8 marzo 2024,"$ 126,3948 USD"
7 marzo 2024,$ 126.6441 USD
6 marzo 2024,"$ 125,4522 USD"
5 marzo 2024,$ 124.7110 USD
4 marzo 2024,$ 125.6220 USD
1 marzo 2024,"$ 125,6630 USD"
29 febbraio 2024,$ 124.7216 USD
28 febbraio 2024,124.2005 dollari USA
27 febbraio 2024,$ 124.6184 USD
26 febbraio 2024,$ 124.3717 USD
23 febbraio 2024,$ 124.7100 USD
22 febbraio 2024,$ 124.5769 USD
21 febbraio 2024,"$ 122,5652 USD"
20 febbraio 2024,$ 122.6076 USD
19 febbraio 2024,"122,9605 USD"
16 febbraio 2024,"$ 122,8991 USD"
15 febbraio 2024,"$ 122,8895 USD"
14 febbraio 2024,"$ 121,9687 USD"
13 febbraio 2024,$121.1221
12 febbraio 2024,$ 122.4286 USD
9 febbraio 2024,$ 122.4364 USD
8 febbraio 2024,"$ 121,9589 USD"
7 febbraio 2024,"$ 121,9964 USD"
6 febbraio 2024,$ 121.2668 USD
5 febbraio 2024,"$ 120,6737 USD"
2 febbraio 2024,"$ 121,2147 USD"
1 febbraio 2024,$ 120.4579 USD
31 gennaio 2024,$ 119.7059 USD
30 gennaio 2024,$ 120.7477 USD
29 gennaio 2024,$ 120.8584 USD
26 gennaio 2024,$ 120.1302 USD
25 gennaio 2024,$ 120.0534 USD
24 gennaio 2024,"$ 119,6931 USD"
23 gennaio 2024,"$ 119,0645 USD"
22 gennaio 2024,"$ 118,9510 USD"
19 gennaio 2024,$ 118.5776 USD
18 gennaio 2024,$ 117.3976 USD
17 gennaio 2024,$ 116.6144 USD
16 gennaio 2024,"$ 117,7539 USD"
15 gennaio 2024,$ 118.6092 USD
12 gennaio 2024,$ 118.7331 USD
11 gennaio 2024,"$ 118,3225 USD"
10 gennaio 2024,$ 118.3827 USD
9 gennaio 2024,"$ 117,9475 USD"
8 gennaio 2024,$ 118.1904 USD
5 gennaio 2024,$ 117.1901 USD
4 gennaio 2024,"$ 116,9875 USD"
3 gennaio 2024,"$ 117,0094 USD"
2 gennaio 2024,$ 118.1554 USD
29 dicembre 2023,"$119,0020 USD"
28 dicembre 2023,$ 119.2693 USD
27 dicembre 2023,"$ 118,9913 USD"
26 dicembre 2023,$ 118.3744 USD
22 dicembre 2023,"$ 117,9672 USD"
21 dicembre 2023,"$ 117,7957 USD"
20 dicembre 2023,$ 117.0271 USD
19 dicembre 2023,$ 118.0479 USD
18 dicembre 2023,$ 117.3112 USD
15 dicembre 2023,$ 117.2149 USD
14 dicembre 2023,$ 117.1945 USD
13 dicembre 2023,$ 116.4011 USD
12 dicembre 2023,$115.3533
11 dicembre 2023,"$ 114,9383 USD"
8 dicembre 2023,"$ 114,6535 USD"
7 dicembre 2023,$ 114.3003 USA
6 dicembre 2023,"$ 113,7958 USD"
5 dicembre 2023,"$ 113,7981 USD"
dicembre 2023,114.0080 dollari USA
01 dicembre 2023,"114,4978 dollari USA"
30 novembre 2023,"113,9999 dollari USA"
29 novembre 2023,"113,6306 $US"
28 novembre 2023,"113,6117 dollari USA"
27 novembre 2023,"113,3485 dollari USA"
24 novembre 2023,"113,6049 dollari USA"
23 novembre 2023,"113,4721 dollari USA"
22 novembre 2023,"113,2770 dollari USA"
21 novembre 2023,"113,1705 dollari USA"
20 novembre 2023,"113,2932 dollari USA"
17 novembre 2023,"112,5166 dollari USA"
16 novembre 2023,"112,1659 dollari USA"
15 novembre 2023,"112,2268 dollari USA"
14 novembre 2023,"111,5119 dollari USA"
13 novembre 2023,"109,4514 dollari USA"
10 novembre 2023,"109,2707 dollari USA"
09 novembre 2023,108.6494 $US
08 novembre 2023,108.9406 $US
07 novembre 2023,108.9486 $US
06 novembre 2023,109.1439 $US
03 novembre 2023,108.6882 $US
02 novembre 2023,107.4286 $ USA
01 nov. 2023,105.4186 $ USA
31 ottobre 2023,104.4210 $US
30 ottobre 2023,104.1382 $US
27 ottobre 2023,103.2732 $ USA
26 ottobre 2023,103.4236 $ USA
25 ottobre 2023,104.5850 $US
24 ottobre 2023,105.5332 $US
23 ottobre 2023,104.9945 $US
20 ottobre 2023,105.2481 $US
19 ottobre 2023,106.4137 $ USA
18 ottobre 2023,107.4683 $ USA
17 ottobre 2023,108.7697 $ USA
16 ottobre 2023,108.6008 $US
13 ottobre 2023,107.9226 $US
12 ottobre 2023,108.8138 $US
11 ottobre 2023,109.2218 $US
10 ottobre 2023,108.6925 $US
09 ottobre 2023,107.5821 $US
06 ottobre 2023,107.1800 $ USA
05 ottobre 2023,106.1407 $ USA
04 ottobre 2023,105.8923 $US
03 ottobre 2023,105.7057 $US
02 ottobre 2023,107.1691 $US
29 settembre 2023,107.6645 $US
28 settembre 2023,107.6393 $US
27 settembre 2023,107.1587 $ USA
26 settembre 2023,107.2871 $US
25 settembre 2023,108.5567 $ USA
22 settembre 2023,108.6634 $US
21 settembre 2023,108.7817 $ USA
20 settembre 2023,110.6125 $US
19 settembre 2023,$ 111.1460 USD
18 settembre 2023,"$ 111,3145 USD"
15 settembre 2023,"$ 111,5924 USD"
14 settembre 2023,"$ 112,2628 USD"
13 settembre 2023,"$ 111,7546 USD"
12 settembre 2023,$ 111.7240 USD
11 settembre 2023,$ 112.1924 USD
8 settembre 2023,$ 111.4456 USD
7 settembre 2023,$ 111.3881 USD
6 settembre 2023,"$ 111,7445 USD"
5 settembre 2023,"$ 112,3631 USD"
4 settembre 2023,$ 113.0243 USD
1 settembre 2023,"$ 112,8748 USD"
31 agosto 2023,$ 112.6819 USD
30 agosto 2023,"$ 112,9447 USD"
29 agosto 2023,"$ 112,3837 USD"
28 agosto 2023,$ 110.9410 USD
25 agosto 2023,$ 110.0635 USD
24 agosto 2023,$ 110.0209 USD
23 agosto 2023,"$ 110,8943 USD"
22 agosto 2023,"$ 109,8999 USD"
21 agosto 2023,$ 109.8304 USD
18 agosto 2023,$ 109.4744 USD
17 agosto 2023,"$ 109,7367 USD"
16 agosto 2023,$ 110.5377 USD
15 agosto 2023,$ 111.3600 USD
14 agosto 2023,$ 112.3220 USD
11 agosto 2023,$ 112.3410 USD
10 agosto 2023,"$ 112,8766 USD"
9 agosto 2023,$ 112.5493 USD
8 agosto 2023,"$ 112,8584 USD"
7 agosto 2023,$ 113.5350 USD
4 agosto 2023,"$ 112,9710 USD"
3 agosto 2023,$ 113.0219 USD
2 agosto 2023,$ 113.4141 USD
1 agosto 2023,$ 115.2944 USD
31 luglio 2023,$ 115.8570 USD
28 luglio 2023,115.5968 USD
27 luglio 2023,$ 114.7243 USD
26 luglio 2023,$ 115.0108 USD
25 luglio 2023,"$ 115,0365 USD"
24 luglio 2023,$ 114.5391 USD
21 luglio 2023,$ 114.2430 USD
20 luglio 2023,$ 114.3307 USD
19 luglio 2023,"$ 114,9441 USD"
18 luglio 2023,$ 114.7990 USD
17 luglio 2023,$ 114.1663 USD
14 luglio 2023,$ 114.0665 USD
13 luglio 2023,$ 114.0193 USD
12 luglio 2023,$ 112.7407 USD
11 luglio 2023,"$ 111,4525 USD"
10 luglio 2023,$ 110.5396 USD
7 luglio 2023,$ 110.3268 USD
6 luglio 2023,$ 110.3678 USD
5 luglio 2023,"$ 111,7586 USD"
4 luglio 2023,$ 112.1919 USD
3 luglio 2023,"112,1659 dollari USA"
30 giugno 2023,"$ 111,7706 USD"
29 giugno 2023,$ 110.6420 USD
28 giugno 2023,$ 110.3995 USD
27 giugno 2023,"$ 110,2925 USD"
26 giugno 2023,$ 109.3603 USD
23 giugno 2023,"$ 109,6424 USD"
22 giugno 2023,$ 110.7072 USD
21 giugno 2023,$ 110.6641 USD
20 giugno 2023,$ 111.1565 USD
19 giugno 2023,"$ 111,7924 USD"
16 giugno 2023,$ 112.1260 USD
15 giugno 2023,$ 112.1869 USD
14 giugno 2023,"$ 111,8985 USD"
13 giugno 2023,$ 111.5093 USD
12 giugno 2023,$ 110.5849 USD
9 giugno 2023,"$ 109,9065 USD"
8 giugno 2023,"$ 109,6746 USD"
7 giugno 2023,$ 109.1688 USD
6 giugno 2023,"109,4684 USA"
5 giugno 2023,"$ 109,1915 USA"
2 giugno 2023,"$ 109,2442 USA"
1 giugno 2023,"$ 107,5734 USA"
31 maggio 2023,"$ 106,4515 USA"
30 maggio 2023,"$ 107,4234 USA"
29 maggio 2023,"$ 107,5706 USA"
26 maggio 2023,"$ 107,4898 USA"
25 maggio 2023,"$ 106,3592 USA"
24 maggio 2023,"$ 106,1831 USA"
23 maggio 2023,"$ 107,2296 USA"
22 maggio 2023,"$ 108,2494 USA"
19 maggio 2023,"$ 108,0615 USA"
18 maggio 2023,"$ 107,9605 USA"
17 maggio 2023,"$ 107,2782 USA"
16 maggio 2023,"$106,7073 USA"
15 maggio 2023,"$ 107,2320 USA"
12 maggio 2023,"$ 106,8213 USA"
11 maggio 2023,"$ 107,0411 USA"
10 maggio 2023,"$107,3018 USA"
9 maggio 2023,"$ 107,0858 USA"
8 maggio 2023,"$ 107,5557 USA"
5 maggio 2023,"$ 107,2618 USA"
4 maggio 2023,"$ 105,7961 USA"
3 maggio 2023,"$106,2313 USA"
2 maggio 2023,"$ 106,4822 USA"
1 maggio 2023,"$ 107,5137 USA"
28 aprile 2023,"$ 107,5903 USA"
27 aprile 2023,"$ 106,8201 USA"
26 aprile 2023,"$ 105,5741 USA"
25 aprile 2023,"$ 105,8464 USA"
24 aprile 2023,"$ 107,2051 USA"
21 aprile 2023,"$ 107,0877 USA"
20 aprile 2023,"$ 107,1819 USA"
19 aprile 2023,"$ 107,5299 USA"
18 aprile 2023,"$ 107,7420 USA"
17 aprile 2023,"$ 107,4808 USA"
14 aprile 2023,107.3998 $US
13 aprile 2023,107.4688 $US
12 aprile 2023,106.2937 $ USA
11 aprile 2023,106.3459 $US
10 aprile 2023,105.8791 $US
06 aprile 2023,105.9768 $US
05 aprile 2023,105.8076 $US
04 aprile 2023,106.2253 $ USA
03 aprile 2023,106.4290 $US
31 marzo 2023,106.0006 $ USA
30 marzo 2023,104.8949 $US
29 marzo 2023,104.0731 $US
28 marzo 2023,102.8089 $US
27 marzo 2023,102.6385 $US
24 marzo 2023,102.4179 $ USA
23 marzo 2023,102.6320 $US
22 marzo 2023,102.0573 $ USA
21 marzo 2023,102.7632 $ USA
20 marzo 2023,101.5414 $ USA
17 marzo 2023,"$ 100,9379 USD"
16 marzo 2023,$ 101.5188 USD
15 marzo 2023,$ 100.6594 USD
14 marzo 2023,$ 101.8152 USD
13 marzo 2023,"$ 101,0098 USD"
10 marzo 2023,$ 101.4017 USD
9 marzo 2023,"$ 102,6746 USD"
8 marzo 2023,"$ 103,8634 USD"
7 marzo 2023,"$ 103,9475 USD"
6 marzo 2023,$ 105.3587 USD
3 marzo 2023,$ 105.0367 USD
2 marzo 2023,"$ 103,6565 USD"
1 marzo 2023,$ 103.2784 USD
28 febbraio 2023,$ 103.2876 USD
27 febbraio 2023,$ 103.5466 USD
24 febbraio 2023,$ 103.1021 USD
23 febbraio 2023,$ 104.3091 USD
22 febbraio 2023,104.0119 USD
21 febbraio 2023,$ 104.5093 USD
20 febbraio 2023,$ 106.0434 USD
17 febbraio 2023,$ 105.8499 USD
16 febbraio 2023,$ 106.3340 USD
15 febbraio 2023,$ 107.0592 USD
14 febbraio 2023,$ 107.0897 USD
13 febbraio 2023,"$ 106,9790 USD"
10 febbraio 2023,"$ 106,1072 USA"
9 febbraio 2023,$ 106.4667 USD
8 febbraio 2023,"$ 106,7894 USD"
7 febbraio 2023,$ 107.3221 USD
6 febbraio 2023,$ 106.4159 USD
3 febbraio 2023,$ 107.6107 USD
2 febbraio 2023,"$ 108,6335 USD"
1 febbraio 2023,$ 107.3124 USD
31 gennaio 2023,"$ 106,3462 USD"
30 gennaio 2023,$ 105.6479 USD
27 gennaio 2023,"106,6033 USD"
26 gennaio 2023,"$ 106,3483 USD"
25 gennaio 2023,$ 105.5369 USD
24 gennaio 2023,$ 105.4783 USD
23 gennaio 2023,$ 105.4248 USD
20 gennaio 2023,$ 104.4126 USD
19 gennaio 2023,"$ 102,9920 USD"
18 gennaio 2023,"$ 103,9705 USD"
17 gennaio 2023,"$ 104,6737 USD"
16 gennaio 2023,"$ 104,6955 USD"
13 gennaio 2023,$ 104.6802 USD
12 gennaio 2023,"$ 104,0033 USD"
11 gennaio 2023,"$ 103,3137 USD"
10 gennaio 2023,$ 102.2981 USD
9 gennaio 2023,$ 102.0398 USD
6 gennaio 2023,$ 101.2604 USD
5 gennaio 2023,"$99,3719 USD"
4 gennaio 2023,$ 100.2395 USD
3 gennaio 2023,"$99,3491 USD"
2 gennaio 2023,
30 dicembre 2022,"$99,3071 USD"
29 dicembre 2022,"$99,6155 USD"
28 dicembre 2022,$ 98.4210 USD
27 dicembre 2022,"$99,2292 USD"
23 dicembre 2022,"$99,3037 USD"
22 dicembre 2022,"$99,0990 USD"
21 dicembre 2022,"$ 100,0083 USD"
20 dicembre 2022,"$98,8627 USD"
19 dicembre 2022,"$98,6925 USD"
16 dicembre 2022,"$99,3550 USD"
15 dicembre 2022,$ 100.3866 USD
14 dicembre 2022,$ 103.2386 USD
13 dicembre 2022,$ 103.4582 USD
12 dicembre 2022,"$ 102,3351 USD"
9 dicembre 2022,$ 101.8351 USD
8 dicembre 2022,"$ 101,9504 USD"
7 dicembre 2022,"$101,2912 USD"
6 dicembre 2022,$ 101.7176 USD
5 dicembre 2022,"102,9838 dollari USA"
02 dicembre 2022,"104,0781 dollari USA"
01 dicembre 2022,"104,3987 dollari USA"
30 novembre 2022,"103,5870 dollari USA"
29 novembre 2022,"101,4559 dollari USA"
28 novembre 2022,"101,3601 dollari USA"
25 novembre 2022,"102,6595 dollari USA"
24 novembre 2022,"102,7945 dollari USA"
23 novembre 2022,"102,3125 dollari USA"
22 novembre 2022,"101,5011 dollari USA"
21 novembre 2022,"100,3562 dollari USA"
18 novembre 2022,"101,1123 dollari USA"
17 novembre 2022,"100,5360 dollari USA"
16 novembre 2022,"101,1821 dollari USA"
15 novembre 2022,"101,9301 dollari USA"
14 novembre 2022,"100,8716 dollari USA"
11 novembre 2022,"101,5003 dollari USA"
10 novembre 2022,"99,6579 dollari USA"
09 novembre 2022,"95,5389 dollari USA"
08 novembre 2022,97.0010 $US
07 novembre 2022,96.2422 $US
04 novembre 2022,95.2090 $US
03 novembre 2022,93.6051 $US
02 novembre 2022,94.8247 $US
01 nov. 2022,96.2869 $US
31 ottobre 2022,96.0767 $US
28 ottobre 2022,96.4736 $US
27 ottobre 2022,95.4151 $US
26 ottobre 2022,95.7195 $US
25 ottobre 2022,95.6877 $US
24 ottobre 2022,94.1753 $US
21 ottobre 2022,93.3967 $US
20 ottobre 2022,92.3218 $US
19 ottobre 2022,92.6581 $US
18 ottobre 2022,93.4361 $US
17 ottobre 2022,92.4000 $ USA
14 ottobre 2022,90.5544 $US
13 ottobre 2022,91.5658 $US
12 ottobre 2022,90.2356 $US
11 ottobre 2022,90.5205 $US
10 ottobre 2022,91.4062 $US
07 ottobre 2022,92.3203 $US
06 ottobre 2022,94.4935 $US
05 ottobre 2022,95.1714 $US
04 ottobre 2022,95.3786 $US
03 ottobre 2022,92.4097 $US
30 settembre 2022,90.7095 $US
29 settembre 2022,91.4312 $US
28 settembre 2022,92.6134 $US
27 settembre 2022,91.6622 $US
26 settembre 2022,91.7734 $US
23 settembre 2022,93.0238 $US
22 settembre 2022,94.9214 $US
21 settembre 2022,95.9156 $US
20 settembre 2022,97.3175 $US
19 settembre 2022,
16 settembre 2022,97.8088 $US
15 settembre 2022,98.7254 USD
14 settembre 2022,$ 100.1098 USD
13 settembre 2022,"$ 100,3811 USD"
12 settembre 2022,$ 103.7154 USD
9 settembre 2022,$ 102.3899 USD
8 settembre 2022,"$ 100,6523 USD"
7 settembre 2022,"$99,8821 USD"
6 settembre 2022,"$99,0343 USD"
5 settembre 2022,"$99,4632 USD"
2 settembre 2022,$ 99.8102 USD
1 settembre 2022,$ 100.0178 USD
31 agosto 2022,"$ 100,8046 USD"
30 agosto 2022,"$ 101,3758 USD"
29 agosto 2022,$ 102.1007 USA
26 agosto 2022,$ 103.1692 USD
25 agosto 2022,$ 105.5843 USD
24 agosto 2022,$ 104.2842 USD
23 agosto 2022,$ 104.1489 USD
22 agosto 2022,"$ 104,3629 USD"
19 agosto 2022,$ 106.2096 USD
18 agosto 2022,$ 107.6131 USD
17 agosto 2022,$ 107.5589 USD
16 agosto 2022,$ 108.2510 USD
15 agosto 2022,108.2009 dollari USA
12 agosto 2022,"$ 107,9501 USD"
11 agosto 2022,$ 106.8144 USD
10 agosto 2022,$ 106.6281 USD
9 agosto 2022,"$ 104,6521 USD"
8 agosto 2022,$ 105.1603 USD
5 agosto 2022,"$ 104,9213 USD"
4 agosto 2022,$ 105.1508 USD
3 agosto 2022,"$ 104,7925 USD"
2 agosto 2022,"$ 103,8973 USD"
1 agosto 2022,"$ 104,7507 USD"
29 luglio 2022,$ 104.6001 USD
28 luglio 2022,$ 103.4196 USD
27 luglio 2022,$ 102.1402 USD
26 luglio 2022,$ 100.4563 USD
25 luglio 2022,"$101,3139 USD"
22 luglio 2022,"$ 101,3559 USD"
21 luglio 2022,$ 101.7471 USD
20 luglio 2022,"$ 101,0417 USD"
19 luglio 2022,$ 100.4300 USD
18 luglio 2022,$ 98.4242 USD
15 luglio 2022,$ 98.2206 USD
14 luglio 2022,"$96,6672 USD"
13 luglio 2022,$ 97.5314 USD
12 luglio 2022,$ 97.8113 USD
11 luglio 2022,$ 98.5866 USD
8 luglio 2022,"$99,8506 USD"
7 luglio 2022,"$99,7248 USD"
6 luglio 2022,$ 98.1985 USD
5 luglio 2022,$ 98.0660 USD
4 luglio 2022,$ 98.5605 USD
1 luglio 2022,"$98,2738 USD"
30 giugno 2022,$ 97.9208 USD
29 giugno 2022,"$99,0044 USD"
28 giugno 2022,"$99,5040 USD"
27 giugno 2022,"$ 100,7578 USD"
24 giugno 2022,$ 100.4233 USD
23 giugno 2022,"$97,8931 USD"
22 giugno 2022,$ 97.4608 USD
21 giugno 2022,"$97,9248 USD"
20 giugno 2022,"$96,1116 USD"
17 giugno 2022,"$95,8655 USD"
16 giugno 2022,"$96,0947 USD"
15 giugno 2022,"$99,2405 USD"
14 giugno 2022,$ 98.1862 USD
13 giugno 2022,$ 98.8168 USD
10 giugno 2022,$ 102.5203 USD
9 giugno 2022,"$ 105,3823 USD"
8 giugno 2022,$ 107.5079 USD
7 giugno 2022,$ 108.0868 USD
6 giugno 2022,$ 107.7099 USD
3 giugno 2022,$ 107.2318 USD
2 giugno 2022,$ 108.4014 USD
1 giugno 2022,$ 107.0227 USD
31 maggio 2022,"107,8225 USA"
30 maggio 2022,"$ 108,4959 USA"
27 maggio 2022,"$ 107,8084 USA"
26 maggio 2022,"$ 105,5954 USA"
25 maggio 2022,"$ 104,0872 USA"
24 maggio 2022,"$ 103,4199 USA"
23 maggio 2022,"$104,3072 USA"
20 maggio 2022,"$ 102,7123 USA"
19 maggio 2022,"$ 102,2977 USA"
18 maggio 2022,"$ 102,9531 USA"
17 maggio 2022,"$ 105,6212 USA"
16 maggio 2022,"$ 103,5711 USA"
13 maggio 2022,"$ 103,7606 USA"
12 maggio 2022,"$101,4955 USA"
11 maggio 2022,"$ 102,1906 USA"
10 maggio 2022,"$102,9343 USA"
9 maggio 2022,"$ 102,8391 USA"
6 maggio 2022,"$ 106,0515 USA"
5 maggio 2022,"$ 107,0727 USA"
4 maggio 2022,"$ 109,7593 USA"
3 maggio 2022,"$ 108,0346 USA"
2 maggio 2022,107.6164 $US
29 aprile 2022,107.6518 $US
28 aprile 2022,109.5507 $ USA
27 aprile 2022,107.6286 $ USA
26 aprile 2022,107.8152 $US
25 aprile 2022,109.9645 $US
22 aprile 2022,110.5055 $US
21 aprile 2022,113.2410 $ USA
20 aprile 2022,114.4586 $ USA
19 aprile 2022,114.0807 $ USA
18 aprile 2022,113.1876 $ USA
14 aprile 2022,113.5441 $US
13 aprile 2022,114.3426 $ USA
12 aprile 2022,113.4073 $ USA
11 aprile 2022,113.8453 $US
08 aprile 2022,115.3650 $ USA
07 aprile 2022,115.3765 $US
06 aprile 2022,115.5152 $ USA
05 aprile 2022,116.9404 $US
04 aprile 2022,118.0282 $ USA
01 aprile 2022,117.0096 $ USA
31 marzo 2022,"116,8745 $US"
30 marzo 2022,"118,4143 $US"
29 marzo 2022,"118,6423 $US"
28 marzo 2022,"116,8381 $US"
25 marzo 2022,"116,4516 $US"
24 marzo 2022,"116,3053 $US"
23 marzo 2022,"$115,3925 USA"
22 marzo 2022,116.1902 $US
21 marzo 2022,115.0072 $US
18 marzo 2022,"115,1127 $US"
17 marzo 2022,"114,1319 $US"
16 marzo 2022,"112,4862 $US"
15 marzo 2022,109.4960 $US
14 marzo 2022,"108,5120 $US"
11 marzo 2022,"109,2485 $US"
10 marzo 2022,110.4706 $US
9 marzo 2022,"110,6186 $US"
8 marzo 2022,"107,6525 $US"
7 marzo 2022,"108,5520 $US"
4 marzo 2022,"111,5426 $US"
3 marzo 2022,113.4256 USD
2 marzo 2022,$ 114.0978 USD
1 marzo 2022,"$ 113,1135 USD"
28 febbraio 2022,"$ 114,6653 USD"
25 febbraio 2022,"$ 114,8530 USD"
24 febbraio 2022,$ 112.1063 USD
23 febbraio 2022,"$ 112,8757 USD"
22 febbraio 2022,$ 114.2065 USD
21 febbraio 2022,$ 115.2322 USD
18 febbraio 2022,$ 115.6469 USD
17 febbraio 2022,"$ 116,6073 USD"
16 febbraio 2022,$ 118.3129 USD
15 febbraio 2022,$ 117.8970 USD
14 febbraio 2022,"$ 116,3575 USD"
11 febbraio 2022,"$ 117,5375 USD"
10 febbraio 2022,$ 119.2806 USD
9 febbraio 2022,$ 120.3663 USD
8 febbraio 2022,$ 118.5224 USD
7 febbraio 2022,"$ 117,9307 USD"
4 febbraio 2022,"$ 118,0083 USD"
3 febbraio 2022,$ 117.6411 USD
2 febbraio 2022,"$ 119,7175 USD"
1 febbraio 2022,$ 118.7671 USD
31 gennaio 2022,$ 117.7802 USD
28 gennaio 2022,$ 115.8341 USD
27 gennaio 2022,$ 114.1640 USD
26 gennaio 2022,$ 115.2178 USD
25 gennaio 2022,$ 115.0298 USD
24 gennaio 2022,"$ 116,1545 USD"
21 gennaio 2022,"$ 117,0935 USD"
20 gennaio 2022,$ 119.1313 USD
19 gennaio 2022,$ 119.4778 USD
18 gennaio 2022,"$ 120,3637 USD"
17 gennaio 2022,"$ 122,2531 USD"
14 gennaio 2022,$ 122.1841 USD
13 gennaio 2022,$ 122.5624 USD
12 gennaio 2022,$ 123.6316 USD
11 gennaio 2022,$ 122.6291 USD
10 gennaio 2022,$ 121.6157 USD
7 gennaio 2022,"$ 121,9343 USD"
6 gennaio 2022,"$ 122,0457 USD"
5 gennaio 2022,"$ 122,7551 USD"
4 gennaio 2022,$ 124.3414 USD
3 gennaio 2022,
31 dicembre 2021,"$ 123,7137 USD"
30 dicembre 2021,"$ 123,7938 USD"
29 dicembre 2021,"$ 123,9654 USD"
28 dicembre 2021,"$ 123,8775 USD"
27 dicembre 2021,
24 dicembre 2021,$ 122.6980 USD
23 dicembre 2021,"$ 122,6636 USD"
22 dicembre 2021,$ 121.7788 USD
21 dicembre 2021,"$ 120,6536 USD"
20 dicembre 2021,"$ 118,7551 USD"
17 dicembre 2021,"$ 120,3827 USD"
16 dicembre 2021,$ 121.4207 USD
15 dicembre 2021,"$ 121,9633 USD"
14 dicembre 2021,$ 120.8222 USD
13 dicembre 2021,$ 121.7110 USD
10 dicembre 2021,"122,6693 dollari USA"
09 dicembre 2021,"122,2334 dollari USA"
8 dicembre 2021,"122,9214 dollari USA"
7 dicembre 2021,"122,4566 dollari USA"
06 dicembre 2021,"119,9631 dollari USA"
03 dicembre 2021,"119,0347 dollari USA"
02 dicembre 2021,"119,9425 dollari USA"
01 dicembre 2021,"119,0539 dollari USA"
30 novembre 2021,"119,2837 dollari USA"
29 novembre 2021,"121,1746 dollari USA"
26 novembre 2021,"120,4650 dollari USA"
25 novembre 2021,"123,2112 dollari USA"
24 novembre 2021,"123,0274 dollari USA"
23 novembre 2021,"123,0345 dollari USA"
22 novembre 2021,"123,2733 dollari USA"
19 novembre 2021,"123,9720 dollari USA"
18 novembre 2021,"124,2397 dollari USA"
17 novembre 2021,"124,2258 dollari USA"
16 novembre 2021,"124,6418 dollari USA"
15 novembre 2021,"124,4295 dollari USA"
12 novembre 2021,124.3203 $ USA
11 novembre 2021,123.5121 $US
10 novembre 2021,123.4273 $ USA
09 novembre 2021,124.2893 $ USA
08 novembre 2021,124.5877 $ USA
05 novembre 2021,124.3326 $ USA
04 novembre 2021,124.1241 $US
03 novembre 2021,123.6129 $US
02 novembre 2021,123.0778 $US
01 nov. 2021,122.9156 $US
29 ottobre 2021,122.3862 $US
28 ottobre 2021,122.6459 $US
27 ottobre 2021,121.8192 $US
26 ottobre 2021,122.4716 $ USA
25 ottobre 2021,122.2111 $US
22 ottobre 2021,121.8785 $US
21 ottobre 2021,121.8871 $US
20 ottobre 2021,121.8359 $US
19 ottobre 2021,121.3796 $US
18 ottobre 2021,120.5240 $ USA
15 ottobre 2021,120.3934 $US
14 ottobre 2021,119.3466 $US
13 ottobre 2021,117.7345 $US
12 ottobre 2021,117.1750 $ USA
11 ottobre 2021,117.5596 $US
08 ottobre 2021,117.8708 $US
07 ottobre 2021,117.9104 $US
06 ottobre 2021,116.5854 $US
05 ottobre 2021,116.7168 $US
04 ottobre 2021,115.9497 $US
01 ottobre 2021,117.0396 $ USA
30 settembre 2021,116.5785 $US
29 settembre 2021,117.2999 $ USA
28 settembre 2021,117.4904 $ USA
27 settembre 2021,119.6613 $US
24 settembre 2021,119.9077 $US
23 settembre 2021,120.0912 $US
22 settembre 2021,118.8817 $ USA
21 settembre 2021,118.0561 $US
20 settembre 2021,117.8958 $US
17 settembre 2021,119.8233 $US
16 settembre 2021,120.6822 $US
15 settembre 2021,121.4358 USD
14 settembre 2021,$ 121.1638 USD
13 settembre 2021,$ 121.5322 USD
10 settembre 2021,"$ 121,4452 USD"
9 settembre 2021,$ 121.7902 USD
8 settembre 2021,"$ 122,2937 USD"
7 settembre 2021,$ 122.8278 USD
6 settembre 2021,$ 123.1794 USD
3 settembre 2021,$ 122.8773 USD
2 settembre 2021,$ 122.7389 USD
1 settembre 2021,$ 122.3807 USD
31 agosto 2021,"$ 121,9658 USD"
30 agosto 2021,$ 121.8898 USD
27 agosto 2021,"$ 121,3042 USD"
26 agosto 2021,$ 120.4341 USD
25 agosto 2021,"$ 121,0605 USD"
24 agosto 2021,"$ 120,8633 USD"
23 agosto 2021,$ 120.1744 USD
20 agosto 2021,$ 118.8792 USD
19 agosto 2021,$ 118.4610 USD
18 agosto 2021,"$ 119,2805 USD"
17 agosto 2021,$ 119.9260 USD
16 agosto 2021,$ 120.8436 USD
13 agosto 2021,"121,0505 USD"
12 agosto 2021,$ 120.8371 USD
11 agosto 2021,"$ 120,6745 USD"
10 agosto 2021,$ 120.3262 USD
9 agosto 2021,$ 120.1656 USD
6 agosto 2021,$ 120.1939 USD
5 agosto 2021,$ 120.4008 USD
4 agosto 2021,"$ 119,8727 USD"
3 agosto 2021,$ 120.0140 USD
2 agosto 2021,$ 119.4982 USD
30 luglio 2021,$ 119.0198 USD
29 luglio 2021,"$ 119,9189 USD"
28 luglio 2021,$ 118.9200 USD
27 luglio 2021,"$ 118,7539 USD"
26 luglio 2021,$ 119.4307 USD
23 luglio 2021,$ 119.4829 USD
22 luglio 2021,$ 118.8000 USA
21 luglio 2021,$ 118.2809 USD
20 luglio 2021,$ 117.2146 USD
19 luglio 2021,$ 116.3062 USD
16 luglio 2021,$ 118.2317 USD
15 luglio 2021,"$ 118,9467 USD"
14 luglio 2021,"$ 119,3630 USD"
13 luglio 2021,$ 119.3869 USD
12 luglio 2021,$ 119.5287 USD
9 luglio 2021,"$ 118,9051 USD"
8 luglio 2021,"$ 117,8539 USD"
7 luglio 2021,$ 119.0372 USD
6 luglio 2021,$ 118.8663 USD
5 luglio 2021,$ 119.2107 USD
2 luglio 2021,"$ 119,0841 USD"
1 luglio 2021,$ 118.6017 USD
30 giugno 2021,$ 118.3000 USA
29 giugno 2021,$ 118.5799 USD
28 giugno 2021,$ 118.6434 USD
25 giugno 2021,$ 118.6343 USD
24 giugno 2021,$ 118.0950 USD
23 giugno 2021,$ 117.4775 USD
22 giugno 2021,$ 117.4556 USD
21 giugno 2021,$ 116.8282 USD
18 giugno 2021,"$ 116,0316 USD"
17 giugno 2021,"$ 117,5046 USD"
16 giugno 2021,118.6115 USD
15 giugno 2021,"$ 118,9933 USD"
14 giugno 2021,$ 119.1246 USD
11 giugno 2021,"$ 118,8546 USD"
10 giugno 2021,$ 118.6603 USD
9 giugno 2021,"$ 118,2235 USD"
8 giugno 2021,$ 118.4458 USD
7 giugno 2021,$ 118.4559 USD
4 giugno 2021,"$ 118,3337 USD"
3 giugno 2021,$ 117.5160 USD
2 giugno 2021,"$ 117,9938 USD"
1 giugno 2021,$ 117.8644 USD
31 maggio 2021,$ 117.4843 USD
28 maggio 2021,$ 117.4431 USD
27 maggio 2021,"$ 117,0403 USD"
26 maggio 2021,"$ 116,9798 USD"
25 maggio 2021,"$ 116,7784 USD"
24 maggio 2021,$ 116.5898 USD
21 maggio 2021,$ 115.8094 USD
20 maggio 2021,$ 115.7379 USD
19 maggio 2021,"$ 114,6685 USD"
18 maggio 2021,115.3434 $ USA
17 maggio 2021,115.2462 $ USA
14 maggio 2021,115.3516 $US
13 maggio 2021,113.6496 $US
12 maggio 2021,113.3274 $ USA
11 maggio 2021,115.1948 $ USA
10 maggio 2021,116.5769 $US
07 maggio 2021,117.1531 $US
06 maggio 2021,116.0941 $US
05 maggio 2021,115.3014 $ USA
04 maggio 2021,114.9585 $US
03 maggio 2021,115.8764 $US
30 aprile 2021,115.6284 $ USA
29 aprile 2021,116.6413 $US
28 aprile 2021,116.2430 $ USA
27 aprile 2021,116.1977 $ USA
26 aprile 2021,116.3325 $US
23 aprile 2021,115.8972 $US
22 aprile 2021,115.0385 $US
21 aprile 2021,115.2655 $US
20 aprile 2021,114.8507 $ USA
19 aprile 2021,115.8243 $ USA
16 aprile 2021,116.1144 $ USA
15 aprile 2021,115.6093 $US
14 aprile 2021,114.6169 $US
13 aprile 2021,114.5871 $US
12 aprile 2021,114.1802 $ USA
09 aprile 2021,114.3901 $ USA
08 aprile 2021,114.0399 $US
07 aprile 2021,113.5091 $US
06 aprile 2021,113.4093 $ USA
05 aprile 2021,113.2189 $US
01 aprile 2021,112.0646 $ USA
31 marzo 2021,110.8650 $US
30 marzo 2021,110.6971 $US
29 marzo 2021,110.7201 $US
26 marzo 2021,110.8202 $ USA
25 marzo 2021,109.2683 $ USA
24 marzo 2021,109.1047 $ USA
23 marzo 2021,$ 110.0597 USD
22 marzo 2021,$ 110.9370 USD
19 marzo 2021,$ 110.4993 USD
18 marzo 2021,$ 110.8430 USD
17 marzo 2021,$ 111.8484 USD
16 marzo 2021,$ 111.8371 USD
15 marzo 2021,$ 111.6401 USD
12 marzo 2021,$ 111.2501 USD
11 marzo 2021,$ 111.3063 USD
10 marzo 2021,"$ 109,9364 USD"
9 marzo 2021,$ 109.3850 USD
8 marzo 2021,"$ 107,9890 USD"
5 marzo 2021,$ 108.4510 USD
4 marzo 2021,"$ 107,7769 USD"
3 marzo 2021,"$ 109,2325 USD"
2 marzo 2021,$ 109.8311 USD
1 marzo 2021,$ 110.3569 USD
26 febbraio 2021,$ 108.1770 USD
25 febbraio 2021,"109,8679 USD"
24 febbraio 2021,$ 111.1275 USD
23 febbraio 2021,"$ 110,9368 USD"
22 febbraio 2021,"$ 110,8823 USD"
19 febbraio 2021,"$ 111,7847 USD"
18 febbraio 2021,$ 111.6293 USD
17 febbraio 2021,$ 112.2773 USD
16 febbraio 2021,$ 112.6487 USD
15 febbraio 2021,$ 112.6162 USD
12 febbraio 2021,$ 112.1376 USD
11 febbraio 2021,"$ 111,7424 USD"
10 febbraio 2021,"$ 111,4655 USD"
9 febbraio 2021,$ 111.2397 USD
8 febbraio 2021,"$ 111,0456 USD"
5 febbraio 2021,$ 110.1991 USA
4 febbraio 2021,$ 109.5731 USD
3 febbraio 2021,"$ 108,9670 USD"
2 febbraio 2021,$ 108.6364 USD
1 febbraio 2021,107.2493 USD
29 gennaio 2021,$ 105.7090 USD
28 gennaio 2021,"$ 107,5925 USD"
27 gennaio 2021,$ 107.2908 USD
26 gennaio 2021,$ 109.4713 USD
25 gennaio 2021,"$ 109,7578 USD"
22 gennaio 2021,$ 109.5349 USD
21 gennaio 2021,$ 110.0424 USD
20 gennaio 2021,$ 109.8408 USD
19 gennaio 2021,"$ 108,6552 USD"
18 gennaio 2021,$ 107.7680 USD
15 gennaio 2021,$ 107.8038 USD
14 gennaio 2021,$ 108.7341 USD
13 gennaio 2021,$ 108.7100 USD
12 gennaio 2021,$ 108.3856 USD
11 gennaio 2021,$ 108.1839 USD
8 gennaio 2021,$ 109.0378 USD
7 gennaio 2021,$ 108.0271 USD
6 gennaio 2021,"$ 106,7910 USD"
5 gennaio 2021,$ 106.3018 USD
4 gennaio 2021,$ 105.6816 USD
31 dicembre 2020,$ 106.1865 USD
30 dicembre 2020,$ 106.0226 USD
29 dicembre 2020,"$ 105,6526 USD"
28 dicembre 2020,$ 105.2630 USD
24 dicembre 2020,$ 104.6344 USD
23 dicembre 2020,$ 104.4001 USA
22 dicembre 2020,"$ 103,9873 USD"
21 dicembre 2020,$ 104.1746 USD
18 dicembre 2020,$ 105.0668 USD
17 dicembre 2020,$ 105.4144 USD
16 dicembre 2020,"$ 104,9473 USD"
15 dicembre 2020,$ 104.4085 USD
14 dicembre 2020,$ 103.6087 USD
11 dicembre 2020,$ 103.7486 USD
10 dicembre 2020,"$ 103,9499 USD"
09 dicembre 2020,"103,9585 dollari USA"
08 dicembre 2020,"104,3788 dollari USA"
07 dicembre 2020,"104,1926 dollari USA"
4 dicembre 2020,"104,3212 dollari USA"
03 dicembre 2020,"103,5727 dollari USA"
02 dicembre 2020,"103,1953 dollari USA"
01 dicembre 2020,"102,9495 dollari USA"
30 novembre 2020,"101,8083 dollari USA"
27 novembre 2020,"102,7378 dollari USA"
26 novembre 2020,"102,3221 dollari USA"
25 novembre 2020,"102,1746 dollari USA"
24 novembre 2020,"102,1725 dollari USA"
23 novembre 2020,"100,7179 dollari USA"
20 novembre 2020,"100,3472 dollari USA"
19 novembre 2020,"100,4601 dollari USA"
18 novembre 2020,"100,4553 dollari USA"
17 novembre 2020,"100,8798 dollari USA"
16 novembre 2020,"100,9854 dollari USA"
13 novembre 2020,99.7031 $US
12 novembre 2020,98.9668 $US
11 novembre 2020,99.5656 $US
10 novembre 2020,98.8485 $US
09 novembre 2020,98.7735 $US
06 novembre 2020,97.4375 $US
05 novembre 2020,97.2078 $US
04 novembre 2020,95.1513 $US
03 novembre 2020,93.3838 $US
02 novembre 2020,91.6978 $US
30 ottobre 2020,90.5937 $US
29 ottobre 2020,91.6276 $US
28 ottobre 2020,91.2673 $US
27 ottobre 2020,93.9506 $US
26 ottobre 2020,94.2123 $US
23 ottobre 2020,95.6515 $US
22 ottobre 2020,95.3207 $US
21 ottobre 2020,95.2441 $US
20 ottobre 2020,95.3582 $US
19 ottobre 2020,95.1235 $US
16 ottobre 2020,95.8366 $US
15 ottobre 2020,95.6444 $US
14 ottobre 2020,96.4334 $US
13 ottobre 2020,96.7990 $US
12 ottobre 2020,97.2758 $US
09 ottobre 2020,96.1046 $US
08 ottobre 2020,95.3553 $US
07 ottobre 2020,94.6198 $US
06 ottobre 2020,93.6712 $US
05 ottobre 2020,94.2449 $US
02 ottobre 2020,92.7387 $US
01 ottobre 2020,93.3695 $US
30 settembre 2020,92.9049 $US
29 settembre 2020,92.5189 $US
28 settembre 2020,92.7086 $US
25 settembre 2020,91.2281 $US
24 settembre 2020,90.3151 USD
23 settembre 2020,$ 91.1880 USD
22 settembre 2020,$ 92.5140 USD
21 settembre 2020,$ 92.1309 USD
18 settembre 2020,$ 93.6786 USD
17 settembre 2020,$ 94.1874 USD
16 settembre 2020,"$94,9754 USD"
15 settembre 2020,$ 95.0511 USD
14 settembre 2020,"$94,5914 USD"
11 settembre 2020,$ 93.4896 USD
10 settembre 2020,$ 93.4059 USD
9 settembre 2020,$ 94.2680 USD
8 settembre 2020,"$92,9794 USD"
7 settembre 2020,"$94,8486 USD"
4 settembre 2020,"$94,5933 USD"
3 settembre 2020,$ 95.5759 USD
2 settembre 2020,"$97,9325 USD"
1 settembre 2020,$ 97.0133 USD
31 agosto 2020,$ 96.4780 USD
28 agosto 2020,"$96,7489 USD"
27 agosto 2020,$ 96.1907 USD
26 agosto 2020,"$96,3086 USD"
25 agosto 2020,$ 95.4793 USD
24 agosto 2020,$ 95.1960 USA
21 agosto 2020,$ 94.1356 USD
20 agosto 2020,"$93,9246 USD"
19 agosto 2020,$ 94.3160 USD
18 agosto 2020,$ 94.5242 USD
17 agosto 2020,$ 94.2816 USD
14 agosto 2020,"$93,8995 USD"
13 agosto 2020,"$94,1255 USD"
12 agosto 2020,$ 94.1477 USD
11 agosto 2020,$ 93.0191 USD
10 agosto 2020,"$92,9632 USD"
7 agosto 2020,"$92,7920 USD"
6 agosto 2020,$ 93.0880 USD
5 agosto 2020,"$92,8965 USD"
4 agosto 2020,$ 92.0790 USD
3 agosto 2020,91.4970 USD
31 luglio 2020,"$90,8567 USD"
30 luglio 2020,"$90,9065 USD"
29 luglio 2020,$ 91.5084 USD
28 luglio 2020,$ 90.8099 USD
27 luglio 2020,$ 91.0964 USD
24 luglio 2020,$ 90.2931 USD
23 luglio 2020,"$91,0319 USD"
22 luglio 2020,"$91,6736 USD"
21 luglio 2020,"$91,5530 USD"
20 luglio 2020,"$91,0094 USD"
17 luglio 2020,$ 90.2588 USD
16 luglio 2020,$ 90.0137 USD
15 luglio 2020,$ 90.5651 USD
14 luglio 2020,"$89,4975 USD"
13 luglio 2020,$ 89.0751 USD
10 luglio 2020,$ 89.1973 USA
9 luglio 2020,$88.6562 USD
8 luglio 2020,"$88,9717 USD"
7 luglio 2020,$88.4946 USD
6 luglio 2020,"$89,3115 USD"
3 luglio 2020,$87.6981 USD
2 luglio 2020,$ 87.6306 USD
1 luglio 2020,"$86,7872 USD"
30 giugno 2020,$86.4084 USD
29 giugno 2020,$ 85.5416 USD
26 giugno 2020,"$84,9229 USD"
25 giugno 2020,$86.1916 USD
24 giugno 2020,$ 85.8346 USD
23 giugno 2020,$ 87.8042 USD
22 giugno 2020,"$87,0035 USD"
19 giugno 2020,"$86,7075 USD"
18 giugno 2020,$ 86.8789 USD
17 giugno 2020,"$86,9609 USD"
16 giugno 2020,"$86,9624 USD"
15 giugno 2020,$ 85.0356 USD
12 giugno 2020,$ 85.0660 USD
11 giugno 2020,84.8058 USD
10 giugno 2020,$89.2920 USD
9 giugno 2020,$89.5819 USD
8 giugno 2020,$ 90.0127 USD
5 giugno 2020,89.2003 dollari USA
4 giugno 2020,$87.3424 USD
3 giugno 2020,$ 87.4188 USD
2 giugno 2020,"$85,9421 USD"
1 giugno 2020,"$84,9459 USD"
29 maggio 2020,"$84,1524 USD"
28 maggio 2020,$ 84.0946 USD
27 maggio 2020,$ 83.6876 USD
26 maggio 2020,$82.9140 USD
25 maggio 2020,$81.6172 USD
22 maggio 2020,$ 81.1855 USD
21 maggio 2020,$81.5185 USD
20 maggio 2020,$ 82.1432 USD
19 maggio 2020,$81.0020 USD
18 maggio 2020,$ 81.1066 USD
15 maggio 2020,"$78,8835 USA"
14 maggio 2020,"$78,5744 USA"
13 maggio 2020,"$78,6350 USA"
12 maggio 2020,"$79,8180 USA"
11 maggio 2020,"$80,7706 USA"
8 maggio 2020,"$80,7754 USA"
7 maggio 2020,"$79,3700 USA"
6 maggio 2020,"$78,7324 USA"
5 maggio 2020,"$79,0671 USA"
4 maggio 2020,"$78,2801 USA"
1 maggio 2020,"$78,8359 USA"
30 aprile 2020,"$80,5753 USA"
29 aprile 2020,"$81,0997 USA"
28 aprile 2020,"$79,2949 USA"
27 aprile 2020,"$79,1705 USA"
24 aprile 2020,"$77,8045 USA"
23 aprile 2020,"$77,4876 USA"
22 aprile 2020,"$77,2316 USA"
21 aprile 2020,75.9050 $US
20 aprile 2020,78.2293 $US
17 aprile 2020,79.0531 $US
16 aprile 2020,77.0601 $US
15 aprile 2020,76.9586 $US
14 aprile 2020,78.6470 $US
13 aprile 2020,76.7848 $US
09 aprile 2020,77.2862 $US
08 aprile 2020,76.0928 $US
07 aprile 2020,74.5929 $US
06 aprile 2020,73.8402 $US
03 aprile 2020,70.0433 $US
02 aprile 2020,71.0084 $US
01 aprile 2020,70.1607 $ USA
31 marzo 2020,72.8347 $US
30 marzo 2020,73.2506 $US
27 marzo 2020,71.8162 $US
26 marzo 2020,73.5189 $US
25 marzo 2020,70.6976 $US
24 marzo 2020,68.8295 $US
23 marzo 2020,63.5259 $US
20 marzo 2020,65.6871 $US
19 marzo 2020,66.7608 $US
18 marzo 2020,66.5491 $US
17 marzo 2020,70.0560 $US
16 marzo 2020,67.7559 $US
13 marzo 2020,74.4785 $US
12 marzo 2020,70.8247 $ USA
11 marzo 2020,78.2512 $US
10 marzo 2020,81.1677 $US
09 marzo 2020,79.0684 $US
06 marzo 2020,85.0385 $US
05 marzo 2020,86.8097 $US
04 marzo 2020,88.5085 $US
03 marzo 2020,86.2453 $US
02 marzo 2020,87.2366 $US
28 febbraio 2020,84.6772 $US
27 febbraio 2020,$ 86.1792 USD
26 febbraio 2020,"$89,0927 USD"
25 febbraio 2020,$89.6039 USD
24 febbraio 2020,"$91,6988 USD"
21 febbraio 2020,$ 94.4818 USD
20 febbraio 2020,"$95,1775 USD"
19 febbraio 2020,$ 95.6500 USD
18 febbraio 2020,$ 95.2169 USD
17 febbraio 2020,$ 95.6661 USD
14 febbraio 2020,$ 95.6796 USD
13 febbraio 2020,$ 95.6340 USD
12 febbraio 2020,$ 95.8309 USD
11 febbraio 2020,"$95,2577 USD"
10 febbraio 2020,"$94,8435 USD"
7 febbraio 2020,$ 94.6162 USD
6 febbraio 2020,$ 95.1206 USD
5 febbraio 2020,$ 94.5744 USD
febbraio 2020,$ 93.7806 USD
3 febbraio 2020,$ 92.4231 USD
31 gennaio 2020,$ 92.1313 USA
30 gennaio 2020,$ 93.2368 USD
29 gennaio 2020,$ 93.5401 USD
28 gennaio 2020,"$93,5435 USD"
27 gennaio 2020,"$92,9986 USD"
24 gennaio 2020,"$94,5405 USD"
23 gennaio 2020,$ 94.9300 USD
22 gennaio 2020,$ 95.1950 USD
21 gennaio 2020,"$95,0905 USD"
20 gennaio 2020,$ 95.4783 USD
17 gennaio 2020,$ 95.5112 USD
16 gennaio 2020,$ 95.1242 USD
15 gennaio 2020,"$94,6185 USD"
14 gennaio 2020,"$94,5519 USD"
13 gennaio 2020,$ 94.5410 USD
10 gennaio 2020,"$94,0827 USD"
9 gennaio 2020,"$94,1148 USD"
gennaio 2020,$ 93.4734 USD
7 gennaio 2020,$ 93.3712 USD
6 gennaio 2020,$ 93.3889 USD
3 gennaio 2020,$ 93.4737 USD
2 gennaio 2020,"$93,9643 USD"
31 dicembre 2019,"$93,2154 USD"
30 dicembre 2019,"$93,0752 USD"
27 dicembre 2019,$ 93.4674 USD
26 dicembre 2019,$ 93.2031 USD
24 dicembre 2019,"$92,8853 USD"
23 dicembre 2019,"$92,8642 USD"
20 dicembre 2019,$ 92.8008 USD
19 dicembre 2019,$ 92.4720 USD
18 dicembre 2019,"$92,2418 USD"
17 dicembre 2019,$ 92.2870 USD
16 dicembre 2019,$ 92.1674 USD
13 dicembre 2019,"$91,5458 USD"
12 dicembre 2019,"$90,9948 USD"
11 dicembre 2019,"$90,6537 USD"
10 dicembre 2019,"90,3737 dollari USA"
09 dicembre 2019,"90,4896 dollari USA"
06 dicembre 2019,"90,5800 dollari USA"
05 dicembre 2019,"89,8968 dollari USA"
4 dicembre 2019,"89,7104 dollari USA"
03 dicembre 2019,"89,2812 dollari USA"
02 dicembre 2019,"89,7819 dollari USA"
29 novembre 2019,"90,2920 dollari USA"
28 novembre 2019,"90,7168 dollari USA"
27 novembre 2019,"90,7679 dollari USA"
26 novembre 2019,"90,4340 dollari USA"
25 novembre 2019,"90,3479 dollari USA"
22 novembre 2019,"89,7077 dollari USA"
21 novembre 2019,"89,5434 dollari USA"
20 novembre 2019,"89,7750 dollari USA"
19 novembre 2019,"90,1692 dollari USA"
18 novembre 2019,"90,1503 dollari USA"
15 novembre 2019,"90,0104 dollari USA"
14 novembre 2019,89.3266 $US
13 novembre 2019,89.4288 $US
12 novembre 2019,89.6105 $US
11 novembre 2019,89.4463 $US
08 novembre 2019,89.6451 $US
07 novembre 2019,89.6601 $US
06 novembre 2019,89.3954 $US
05 novembre 2019,89.3436 $US
04 novembre 2019,89.3505 $US
01 novembre 2019,88.8760 $US
31 ottobre 2019,88.1674 $US
30 ottobre 2019,88.2760 $US
29 ottobre 2019,88.1458 $US
28 ottobre 2019,88.0695 $US
25 ottobre 2019,87.6998 $US
24 ottobre 2019,87.4652 $US
23 ottobre 2019,87.1488 $US
22 ottobre 2019,87.0369 $US
21 ottobre 2019,87.1580 $US
18 ottobre 2019,86.6346 $US
17 ottobre 2019,86.8916 $US
16 ottobre 2019,86.6275 $US
15 ottobre 2019,86.6157 $US
14 ottobre 2019,85.8444 $US
11 ottobre 2019,85.9261 $US
10 ottobre 2019,84.7584 $US
09 ottobre 2019,84.2856 $US
08 ottobre 2019,83.8241 $US
07 ottobre 2019,84.7629 $US
04 ottobre 2019,84.8485 $US
03 ottobre 2019,84.0315 $US
02 ottobre 2019,83.6558 $US
01 ottobre 2019,85.0245 $US
30 settembre 2019,85.7680 $US
27 settembre 2019,85.6275 $US
26 settembre 2019,85.9019 $US
25 settembre 2019,86.3002 $US
24 settembre 2019,86.2854 $US
23 settembre 2019,86.7150 USD
20 settembre 2019,"$86,8984 USD"
19 settembre 2019,"$87,0937 USD"
18 settembre 2019,"$87,0066 USD"
17 settembre 2019,"$87,0014 USD"
16 settembre 2019,"$86,8841 USD"
13 settembre 2019,"$87,2423 USD"
12 settembre 2019,$ 87.0264 USD
11 settembre 2019,$86.7011 USD
10 settembre 2019,"$86,0727 USD"
9 settembre 2019,$ 86.0487 USD
6 settembre 2019,$86.0149 USD
5 settembre 2019,"$85,7919 USD"
4 settembre 2019,"$84,7977 USD"
3 settembre 2019,$83.8380 USD
2 settembre 2019,$ 84.2617 USD
30 agosto 2019,$ 84.3403 USD
29 agosto 2019,"$83,9897 USD"
28 agosto 2019,83.2013 dollari USA
27 agosto 2019,"$82,9432 USD"
26 agosto 2019,"$82,9175 USD"
23 agosto 2019,"$82,6917 USD"
22 agosto 2019,"$83,9634 USD"
21 agosto 2019,"$84,1522 USD"
20 agosto 2019,$ 83.5772 USD
19 agosto 2019,$83.9790 USD
16 agosto 2019,$ 83.0944 USD
15 agosto 2019,$ 82.1379 USD
14 agosto 2019,$ 82.2643 USD
13 agosto 2019,"$83,9368 USD"
12 agosto 2019,$ 83.4337 USD
9 agosto 2019,$ 84.0898 USD
8 agosto 2019,"$84,5015 USD"
7 agosto 2019,$83.2314 USD
6 agosto 2019,$ 83.0564 USD
5 agosto 2019,"$82,6551"
2 agosto 2019,"$84,7776"
1 agosto 2019,"$85,7785 USD"
31 luglio 2019,"$86,3839 USD"
30 luglio 2019,"$86,9838 USD"
29 luglio 2019,$ 87.3256 USD
26 luglio 2019,$ 87.4573 USD
25 luglio 2019,"$87,2234 USD"
24 luglio 2019,"$87,5945 USD"
23 luglio 2019,$87.3069 USD
22 luglio 2019,$ 86.8797 USD
19 luglio 2019,$86.8101 USD
18 luglio 2019,$86.8610 USD
17 luglio 2019,"$86,8829 USD"
16 luglio 2019,$87.2932 USD
15 luglio 2019,$ 87.4878 USD
12 luglio 2019,$ 87.3651 USD
11 luglio 2019,$ 87.1528 USD
10 luglio 2019,"$86,9386 USD"
9 luglio 2019,$ 86.6147 USD
8 luglio 2019,"$86,6853 USD"
luglio 2019,$87.1909 USD
4 luglio 2019,$87.5730 USD
3 luglio 2019,$ 87.4486 USD
2 luglio 2019,"$86,9666"
1 luglio 2019,"$86,7456 USD"
28 giugno 2019,$ 86.1586 USD
27 giugno 2019,$ 85.7495 USD
26 giugno 2019,$86.0146 USD
25 giugno 2019,$ 86.1678 USD
24 giugno 2019,$86.7321 USD
21 giugno 2019,$86.7112 USD
20 giugno 2019,"$86,9041 USD"
19 giugno 2019,"$85,9815 USD"
18 giugno 2019,$ 85.4638 USD
17 giugno 2019,$ 84.6421 USD
14 giugno 2019,"$84,6943 USD"
13 giugno 2019,"$84,9620 USD"
12 giugno 2019,"$84,9054 USD"
11 giugno 2019,"$85,1575 USD"
10 giugno 2019,$84.8990 USD
7 giugno 2019,$ 84.4672 USD
6 giugno 2019,"$83,6245 USD"
5 giugno 2019,"$83,3425 USD"
4 giugno 2019,$ 82.6984 USD
3 giugno 2019,"$81,5953 USD"
31 maggio 2019,$ 81.5278 USD
30 maggio 2019,$ 82.1988 USD
29 maggio 2019,$ 82.0387 USD
28 maggio 2019,$ 82.7506 USD
27 maggio 2019,$83.1611 USD
24 maggio 2019,"$83,0829 USD"
23 maggio 2019,$ 82.7860 USD
22 maggio 2019,$ 83.7280 USD
21 maggio 2019,"$83,9361 USD"
20 maggio 2019,$ 83.4350 USD
17 maggio 2019,"$83,8565 USD"
16 maggio 2019,$ 84.3087 USD
15 maggio 2019,"$83,7707"
14 maggio 2019,"83,3417 $US"
13 maggio 2019,"82,9403 $US"
10 maggio 2019,"84,4692 $US"
09 maggio 2019,84.1598 $US
08 maggio 2019,"84,7831 $US"
07 maggio 2019,"84,9681 $US"
06 maggio 2019,86.0841 $US
03 maggio 2019,"86,6456 $US"
02 maggio 2019,86.0212 $US
01 maggio 2019,"86,3358 $US"
30 aprile 2019,"86,6127 $US"
29 aprile 2019,"86,5236 $US"
26 aprile 2019,86.4048 $US
25 aprile 2019,86.0944 $US
24 aprile 2019,"86,2653 $US"
23 aprile 2019,"86,5082 $US"
22 aprile 2019,86.0471 $US
18 aprile 2019,86.0364 $US
17 aprile 2019,86.1084 $US
16 aprile 2019,86.1493 $US
15 aprile 2019,86.0179 $US
12 aprile 2019,85.9539 $US
11 aprile 2019,85.5230 $US
10 aprile 2019,85.6052 $US
09 aprile 2019,85.4120 $US
08 aprile 2019,85.6864 $US
05 aprile 2019,85.5521 $US
04 aprile 2019,85.2597 $US
03 aprile 2019,85.2505 $US
02 aprile 2019,84.7625 $US
01 aprile 2019,84.7573 $US
29 marzo 2019,83.7915 $US
28 marzo 2019,83.2218 $US
27 marzo 2019,83.5564 $US
26 marzo 2019,83.8531 $US
25 marzo 2019,83.2670 $US
22 marzo 2019,83.6636 $US
21 marzo 2019,84.8894 $US
20 marzo 2019,84.3265 $US
19 marzo 2019,84.6396 $US
18 marzo 2019,84.5240 $US
15 marzo 2019,84.0955 $US
14 marzo 2019,$83.5590 USD
13 marzo 2019,$83.5372 USD
12 marzo 2019,$ 83.1184 USD
11 marzo 2019,$ 82.7130 USD
8 marzo 2019,"$81,7933 USD"
7 marzo 2019,$ 82.2839 USD
6 marzo 2019,"$82,9675 USD"
5 marzo 2019,$ 83.2599 USD
4 marzo 2019,$ 83.3509 USD
1 marzo 2019,$ 83.5195 USD
28 febbraio 2019,$ 83.1401 USD
27 febbraio 2019,$ 83.4383 USD
26 febbraio 2019,$83.4519 USD
25 febbraio 2019,$ 83.4707 USD
22 febbraio 2019,$83.2106 USD
21 febbraio 2019,$ 82.8118 USD
20 febbraio 2019,"$82,9999 USD"
19 febbraio 2019,$82.6021 USD
18 febbraio 2019,$ 82.4731 USD
15 febbraio 2019,$82.1952 USD
14 febbraio 2019,$81.6104 USD
13 febbraio 2019,"$81,7918 USD"
12 febbraio 2019,$81.5132 USD
11 febbraio 2019,$ 80.6109 USD
8 febbraio 2019,$ 80.5813 USD
7 febbraio 2019,"$80,8655 USD"
6 febbraio 2019,"$81,6425 USD"
5 febbraio 2019,$81.8159 USD
4 febbraio 2019,$81.3112 USD
1 febbraio 2019,$ 81.0451 USD
31 gennaio 2019,$81.0121 USD
30 gennaio 2019,"$80,2522 USD"
29 gennaio 2019,$79.4530 USD
28 gennaio 2019,$79.4140 USD
25 gennaio 2019,$79.9109 USD
24 gennaio 2019,$ 79.1487 USD
23 gennaio 2019,"$78,9656 USD"
22 gennaio 2019,$78.9070 USD
21 gennaio 2019,$79.7388 USD
18 gennaio 2019,$79.7321 USD
17 gennaio 2019,"$78,7677"
16 gennaio 2019,$78.4494 USD
15 gennaio 2019,$78.3156 USD
14 gennaio 2019,$77.6692 USD
11 gennaio 2019,"$78,0537 USD"
10 gennaio 2019,"$78,0545 USD"
9 gennaio 2019,"$77,7827 USD"
8 gennaio 2019,$77.0638 USD
7 gennaio 2019,$76.5368 USD
4 gennaio 2019,$75.8613 USD
3 gennaio 2019,"$73,9626 USD"
2 gennaio 2019,"$74,9742 USD"
31 dicembre 2018,$75.1598 USD
28 dicembre 2018,"$74,6642 USD"
27 dicembre 2018,$74.2551
26 dicembre 2018,$ 74.1292 USD
24 dicembre 2018,$72.5120 USD
21 dicembre 2018,"$73,6584 USD"
20 dicembre 2018,"$74,6542 USD"
19 dicembre 2018,"$75,7834 USD"
18 dicembre 2018,$76.2626
17 dicembre 2018,$76.5353 USD
14 dicembre 2018,$77.5385 USD
13 dicembre 2018,"$78,7721 USD"
12 dicembre 2018,"$78,7526 USD"
11 dicembre 2018,$77.8618 USD
10 dicembre 2018,$77.7813 USD
7 dicembre 2018,$78.4252 USD
6 dicembre 2018,$79.2766 USD
5 dicembre 2018,$ 80.1176 USD
4 dicembre 2018,$ 80.5208 USD
3 dicembre 2018,$82.2811 USD
30 novembre 2018,$ 81.1872 USD
29 novembre 2018,"$81,0018 USD"
28 novembre 2018,"80,7341 dollari USA"
27 novembre 2018,"79,6003 dollari USA"
26 novembre 2018,"79,5313 dollari USA"
23 novembre 2018,"78,6198 dollari USA"
22 novembre 2018,"78,9915 dollari USA"
21 novembre 2018,"78,9976 dollari USA"
20 novembre 2018,"78,7063 dollari USA"
19 novembre 2018,"80,0050 dollari USA"
16 novembre 2018,"80,7508 dollari USA"
15 novembre 2018,"80,5073 dollari USA"
14 novembre 2018,"79,9972 dollari USA"
13 novembre 2018,"80,3611 dollari USA"
12 novembre 2018,"80,4408 dollari USA"
09 novembre 2018,"81,7399 dollari USA"
08 novembre 2018,"82,5627 dollari USA"
07 novembre 2018,"82,6205 dollari USA"
06 novembre 2018,"81,3911 dollari USA"
05 novembre 2018,"81,0332 dollari USA"
02 novembre 2018,"80,9325 dollari USA"
01 novembre 2018,80.8298 $US
31 ottobre 2018,80.0216 $US
30 ottobre 2018,78.9645 $US
29 ottobre 2018,78.2059 $US
26 ottobre 2018,78.4516 $US
25 ottobre 2018,79.3729 $US
24 ottobre 2018,78.8320 $US
23 ottobre 2018,80.4579 $US
22 ottobre 2018,81.3690 $US
19 ottobre 2018,81.5807 $US
18 ottobre 2018,81.6629 $US
17 ottobre 2018,82.6486 $US
16 ottobre 2018,82.7009 $US
15 ottobre 2018,81.3179 $US
12 ottobre 2018,81.6963 $US
11 ottobre 2018,80.8310 $US
10 ottobre 2018,82.6578 $US
09 ottobre 2018,84.4395 $US
08 ottobre 2018,84.6282 $US
05 ottobre 2018,84.9520 $US
04 ottobre 2018,85.5285 $US
03 ottobre 2018,86.3693 $US
02 ottobre 2018,86.3667 $US
01 ottobre 2018,86.6404 $US
28 settembre 2018,86.5074 $US
27 settembre 2018,86.7108 $US
26 settembre 2018,87.1509 $US
25 settembre 2018,87.2310 $US
24 settembre 2018,87.1748 $US
21 settembre 2018,87.5033 $US
20 settembre 2018,87.2118 $US
19 settembre 2018,86.5322 $US
18 settembre 2018,86.2082 $US
17 settembre 2018,85.7547 $US
14 settembre 2018,86.0592 $US
13 settembre 2018,85.8079 $US
12 settembre 2018,85.3179 $US
11 settembre 2018,85.1231 $US
10 settembre 2018,85.0237 $US
07 settembre 2018,84.9494 $US
06 settembre 2018,85.1351 $US
05 settembre 2018,85.4496 USD
4 settembre 2018,"$85,9529 USD"
3 settembre 2018,"$86,3937 USD"
31 agosto 2018,"$86,5528 USD"
30 agosto 2018,"$86,7789 USD"
29 agosto 2018,"$87,2125 USD"
28 agosto 2018,"$86,9254 USD"
27 agosto 2018,"$86,8254 USD"
24 agosto 2018,$86.0002 USA
23 agosto 2018,$ 85.5417 USD
22 agosto 2018,$85.8021 USD
21 agosto 2018,$ 85.5898 USD
20 agosto 2018,$ 85.2579 USD
17 agosto 2018,$84.9120 USD
16 agosto 2018,"$84,6439 USD"
15 agosto 2018,$ 84.1107 USD
14 agosto 2018,$85.0329 USD
13 agosto 2018,"$84,6863 USD"
10 agosto 2018,$85.3121 USD
9 agosto 2018,$86.3005 USD
8 agosto 2018,"$86,3647 USD"
agosto 2018,$ 86.3866 USD
6 agosto 2018,"$85,9606 USD"
3 agosto 2018,"$85,9233 USD"
2 agosto 2018,$ 85.5876 USD
1 agosto 2018,$ 85.8381 USD
31 luglio 2018,"$85,9684 USD"
30 luglio 2018,$ 85.8472 USD
27 luglio 2018,$86.1212 USD
26 luglio 2018,$ 86.2759 USD
25 luglio 2018,"$86,2477 USD"
24 luglio 2018,$85.8020 USD
23 luglio 2018,$ 85.2769 USD
20 luglio 2018,$ 85.2724 USD
19 luglio 2018,$ 85.0223 USD
18 luglio 2018,$ 85.3608 USD
17 luglio 2018,$ 85.2242 USD
16 luglio 2018,$ 85.0198 USD
13 luglio 2018,$ 85.1251 USD
12 luglio 2018,$ 84.9398 USD
11 luglio 2018,$ 84.4193 USD
10 luglio 2018,$ 85.1765 USD
9 luglio 2018,"$85,0072 USD"
6 luglio 2018,$ 84.2261 USD
5 luglio 2018,$ 83.5582 USD
4 luglio 2018,$ 83.0722 USD
3 luglio 2018,"$83,0753 USD"
2 luglio 2018,$ 83.0800 USD
29 giugno 2018,$ 83.4496 USD
28 giugno 2018,$82.9201 USD
27 giugno 2018,$ 82.8474 USD
26 giugno 2018,$ 83.3984 USD
25 giugno 2018,$ 83.3308 USD
22 giugno 2018,$84.4920 USD
21 giugno 2018,$ 84.0970 USD
20 giugno 2018,$85.2303 USD
19 giugno 2018,"$84,9277 USD"
18 giugno 2018,$ 85.6309 USD
15 giugno 2018,$86.0124 USD
14 giugno 2018,$86.4071 USD
13 giugno 2018,$ 86.4284 USD
12 giugno 2018,86.6410 $US
11 giugno 2018,86.5989 $US
08 giugno 2018,86.3265 $US
07 giugno 2018,86.4515 $US
06 giugno 2018,86.3955 $US
05 giugno 2018,85.7305 $US
04 giugno 2018,85.8331 $US
01 giugno 2018,85.2362 $US
31 maggio 2018,84.5804 $US
30 maggio 2018,84.7433 $US
29 maggio 2018,84.2508 $US
28 maggio 2018,85.1984 $US
25 maggio 2018,85.3225 $US
24 maggio 2018,85.5495 $US
23 maggio 2018,85.7123 $US
22 maggio 2018,86.0079 $US
21 maggio 2018,86.0114 $US
18 maggio 2018,85.6736 $US
17 maggio 2018,85.8735 $US
16 maggio 2018,85.8505 $US
15 maggio 2018,85.7010 $US
14 maggio 2018,"86,4324 $US"
11 maggio 2018,"86,2359 $US"
10 maggio 2018,"85,8292 $US"
09 maggio 2018,85.2049 $US
08 maggio 2018,"84,6690 $US"
07 maggio 2018,"84,7048 $US"
04 maggio 2018,"84,4094 $US"
03 maggio 2018,"83,7844 $US"
02 maggio 2018,"84,0657 $US"
01 maggio 2018,"84,4046 $US"
30 aprile 2018,"84,5253 $US"
27 aprile 2018,84.7901 $US
26 aprile 2018,84.5390 $US
25 aprile 2018,"83,9422 $US"
24 aprile 2018,84.2187 $US
23 aprile 2018,"84,7855 $US"
20 aprile 2018,"84,9629 $US"
19 aprile 2018,"85,6742 $US"
18 aprile 2018,"85,8635 $US"
17 aprile 2018,"85,4964 $US"
16 aprile 2018,84.9141 $US
13 aprile 2018,84.5811 $US
12 aprile 2018,84.6877 $US
11 aprile 2018,84.3812 $US
10 aprile 2018,84.6377 $US
09 aprile 2018,83.5261 $US
06 aprile 2018,83.2066 $US
05 aprile 2018,84.1893 $US
04 aprile 2018,83.3964 $US
03 aprile 2018,83.0867 $US
02 aprile 2018,82.7276 $US
29 marzo 2018,83.6560 $US
28 marzo 2018,82.9760 $US
27 marzo 2018,83.3914 $US
26 marzo 2018,83.7984 $US
23 marzo 2018,82.5741 $US
22 marzo 2018,84.0749 $US
21 marzo 2018,85.7656 $US
20 marzo 2018,$85.8202 USD
19 marzo 2018,"$85,7575 USD"
16 marzo 2018,$ 86.6708 USD
15 marzo 2018,$ 86.6799 USD
14 marzo 2018,$ 86.7400 USD
13 marzo 2018,$ 87.1448 USD
12 marzo 2018,$ 87.4563 USD
9 marzo 2018,"$87,1425 USD"
8 marzo 2018,$86.1939 USD
7 marzo 2018,"$85,7945 USD"
6 marzo 2018,$85.9069 USD
5 marzo 2018,$ 85.3314 USD
2 marzo 2018,$84.8081 USD
1 marzo 2018,"$84,9099 USD"
28 febbraio 2018,"$85,9177 USD"
27 febbraio 2018,"$86,8607 USD"
26 febbraio 2018,$ 87.5809 USD
23 febbraio 2018,"$86,8632 USD"
22 febbraio 2018,"$85,8927 USD"
21 febbraio 2018,"$85,9858 USD"
20 febbraio 2018,"$86,1385 USD"
19 febbraio 2018,$ 86.5486 USD
16 febbraio 2018,$86.6012 USD
15 febbraio 2018,"$86,3542 USD"
14 febbraio 2018,$ 85.2807 USD
13 febbraio 2018,$ 84.2199 USD
12 febbraio 2018,"$83,9610 USD"
9 febbraio 2018,"$82,9920 USD"
8 febbraio 2018,"$82,9885 USD"
7 febbraio 2018,"$85,0056 USD"
6 febbraio 2018,"$84,9394 USD"
5 febbraio 2018,$ 85.4378 USD
2 febbraio 2018,"$88,0405 USD"
1 febbraio 2018,$89.6361 USD
31 gennaio 2018,"$89,6662 USD"
30 gennaio 2018,"$89,6434 USD"
29 gennaio 2018,$ 90.5201 USD
26 gennaio 2018,$ 91.0788 USD
25 gennaio 2018,$ 90.4963 USD
24 gennaio 2018,"$90,3929 USD"
23 gennaio 2018,"$90,2457 USD"
22 gennaio 2018,$89.8020 USD
19 gennaio 2018,$89.2619 USD
18 gennaio 2018,$88.8393 USD
17 gennaio 2018,$88.9214 USD
16 gennaio 2018,$88.4926 USD
15 gennaio 2018,$88.6060 USD
12 gennaio 2018,"$88,2728 USD"
11 gennaio 2018,"$87,6927 USD"
10 gennaio 2018,$ 87.3629 USD
9 gennaio 2018,$ 87.3907 USD
8 gennaio 2018,"$87,2556 USD"
5 gennaio 2018,$ 87.1583 USD
4 gennaio 2018,$86.6011 USD
3 gennaio 2018,"$85,8988 USD"
2 gennaio 2018,$85.5056 USD
29 dicembre 2017,$ 84.9197 USD
28 dicembre 2017,"$84,9801 USD"
27 dicembre 2017,84.7573 $US
26 dicembre 2017,$ 84.5423 USD
22 dicembre 2017,"$84,5579 USD"
21 dicembre 2017,"$84,5365 USD"
20 dicembre 2017,$ 84.6498 USD
19 dicembre 2017,"$84,6665 USD"
18 dicembre 2017,$ 84.9140 USD
15 dicembre 2017,$ 84.1388 USD
14 dicembre 2017,"$83,8915 USD"
13 dicembre 2017,"$84,0823 USD"
12 dicembre 2017,"$83,9979 USD"
11 dicembre 2017,"$83,9678 USD"
8 dicembre 2017,$83.6118 USD
7 dicembre 2017,$83.1712 USD
6 dicembre 2017,"$82,9906 USD"
5 dicembre 2017,"$83,3429 USD"
4 dicembre 2017,"$83,5947 USD"
1 dicembre 2017,$83.4914 USD
30 novembre 2017,$83.8119 USD
29 novembre 2017,$ 83.5606 USD
28 novembre 2017,$ 83.5860 USD
27 novembre 2017,"83,1864 dollari USA"
24 novembre 2017,"83,3857 dollari USA"
23 novembre 2017,"83,1493 dollari USA"
22 novembre 2017,"83,0582 dollari USA"
21 novembre 2017,"82,8947 dollari USA"
20 novembre 2017,"82,3705 dollari USA"
17 novembre 2017,"82,2799 dollari USA"
16 novembre 2017,"82,2775 dollari USA"
15 novembre 2017,"81,6200 $US"
14 novembre 2017,"82,0766 dollari USA"
13 novembre 2017,"82,2279 dollari USA"
10 novembre 2017,"82,4347 dollari USA"
09 novembre 2017,"82,5471 dollari USA"
08 novembre 2017,"82,8334 dollari USA"
07 novembre 2017,"82,6903 dollari USA"
06 novembre 2017,"82,6569 dollari USA"
03 novembre 2017,"82,5901 dollari USA"
02 novembre 2017,"82,5306 dollari USA"
01 novembre 2017,"82,4589 dollari USA"
31 ottobre 2017,"82,2171 dollari USA"
30 ottobre 2017,"82,1040 dollari USA"
27 ottobre 2017,"82,0493 dollari USA"
26 ottobre 2017,"81,7272 dollari USA"
25 ottobre 2017,81.6955 $US
24 ottobre 2017,81.9482 $US
23 ottobre 2017,81.9202 $US
20 ottobre 2017,82.1309 $US
19 ottobre 2017,82.0312 $US
18 ottobre 2017,82.0125 $US
17 ottobre 2017,81.9014 $US
16 ottobre 2017,82.0461 $US
13 ottobre 2017,81.9335 $US
12 ottobre 2017,81.7269 $US
11 ottobre 2017,81.7015 $US
10 ottobre 2017,81.5424 $US
09 ottobre 2017,81.1300 $ USA
06 ottobre 2017,81.2012 $US
05 ottobre 2017,81.2639 $US
04 ottobre 2017,81.0717 $US
03 ottobre 2017,80.9717 $US
02 ottobre 2017,80.6774 $US
29 settembre 2017,80.5318 $US
28 settembre 2017,80.1586 $US
27 settembre 2017,80.0264 $US
26 settembre 2017,79.8480 $US
25 settembre 2017,80.1178 $US
22 settembre 2017,80.4192 $US
21 settembre 2017,80.3198 $US
20 settembre 2017,81.0207 $ USA
19 settembre 2017,"$80,9024 USD"
18 settembre 2017,$ 80.7175 USD
15 settembre 2017,$ 80.5326 USD
14 settembre 2017,$ 80.3459 USD
13 settembre 2017,$ 80.4431 USD
12 settembre 2017,$ 80.5242 USD
11 settembre 2017,$ 80.2766 USD
8 settembre 2017,$79.6060 USD
7 settembre 2017,$79.5871 USD
6 settembre 2017,$ 79.3200 USD
5 settembre 2017,$79.1702 USD
4 settembre 2017,$79.4503 USD
1 settembre 2017,$79.6120 USD
31 agosto 2017,$ 79.3507 USD
30 agosto 2017,"$78,9152 USD"
29 agosto 2017,"$78,7755 USD"
28 agosto 2017,$78.8483 USD
25 agosto 2017,$78.7711 USD
24 agosto 2017,$78.5436 USD
23 agosto 2017,$78.5695 USD
22 agosto 2017,$78.6492 USD
21 agosto 2017,$78.1323 USD
18 agosto 2017,$78.0394 USD
17 agosto 2017,$78.2913 USD
16 agosto 2017,"$78,8733 USD"
15 agosto 2017,$78.6181 USD
14 agosto 2017,$78.7451 USD
11 agosto 2017,$78.1322 USD
10 agosto 2017,$ 78.3400 USD
9 agosto 2017,$79.1398 USD
8 agosto 2017,$79.3868 USD
7 agosto 2017,$79.5359 USD
4 agosto 2017,"$79,3424 USD"
3 agosto 2017,$ 79.3497 USD
2 agosto 2017,$79.4389 USD
1 agosto 2017,$79.4068 USD
31 luglio 2017,"$79,0358 USD"
28 luglio 2017,"$78,9710 USD"
27 luglio 2017,"$79,1528 USD"
26 luglio 2017,"$79,0098 USD"
25 luglio 2017,"$78,9739 USD"
24 luglio 2017,"$78,7957 USD"
21 luglio 2017,$78.9117 USD
20 luglio 2017,"$79,0723 USD"
19 luglio 2017,"$78,8983 USD"
18 luglio 2017,$78.5218 USD
17 luglio 2017,$78.4752 USD
14 luglio 2017,$78.4145 USD
13 luglio 2017,"$77,9554 USD"
12 luglio 2017,"$77,7065 USD"
11 luglio 2017,"$76,9975 USD"
10 luglio 2017,"$76,9771 USD"
luglio 2017,"$76,7792 USD"
6 luglio 2017,"$76,6764 USD"
5 luglio 2017,$77.0750 USD
4 luglio 2017,"$76,9977 USD"
3 luglio 2017,$77.1198 USD
30 giugno 2017,"$76,9356 USD"
29 giugno 2017,"$77,0817 USD"
28 giugno 2017,$77.4647 USD
27 giugno 2017,$ 77.0000 USA
26 giugno 2017,"$77,3556"
23 giugno 2017,$77.1862 USD
22 giugno 2017,$77.0447 USD
21 giugno 2017,$77.5275 USD
20 giugno 2017,$77.6510 USD
19 giugno 2017,$78.1826 USD
16 giugno 2017,$77.6419 USD
15 giugno 2017,$77.4025 USD
14 giugno 2017,"$77,9917 USD"
13 giugno 2017,$77.8663 USD
12 giugno 2017,$77.4837 USD
9 giugno 2017,$77.6941 USD
8 giugno 2017,$77.7251 USD
7 giugno 2017,$77.8347 USD
6 giugno 2017,$77.8021 USD
5 giugno 2017,$78.0171 USD
2 giugno 2017,$78.1189 USD
1 giugno 2017,77.6161 $US
31 maggio 2017,77.1822 $US
30 maggio 2017,77.1509 $US
29 maggio 2017,77.2181 $US
26 maggio 2017,77.2561 $US
25 maggio 2017,77.3094 $US
24 maggio 2017,76.9793 $US
23 maggio 2017,76.9304 $US
22 maggio 2017,76.8541 $US
19 maggio 2017,76.4143 $US
18 maggio 2017,75.8609 $US
17 maggio 2017,76.0959 $US
16 maggio 2017,76.9521 $US
15 maggio 2017,76.7256 $US
12 maggio 2017,76.3351 $US
11 maggio 2017,76.2498 $US
10 maggio 2017,76.3449 $US
09 maggio 2017,76.2023 $US
08 maggio 2017,76.3038 $US
05 maggio 2017,76.2004 $US
04 maggio 2017,75.8555 $US
03 maggio 2017,75.7656 $US
02 maggio 2017,75.8822 $US
01 maggio 2017,75.6687 $US
28 aprile 2017,75.5041 $US
27 aprile 2017,75.6139 $US
26 aprile 2017,75.6653 $US
25 aprile 2017,75.6403 $US
24 aprile 2017,75.1726 $US
21 aprile 2017,74.0231 $US
20 aprile 2017,74.1499 $US
19 aprile 2017,73.6902 $US
18 aprile 2017,73.8054 $US
17 aprile 2017,74.1599 $US
13 aprile 2017,73.7120 $US
12 aprile 2017,74.0161 $US
11 aprile 2017,74.1578 $US
10 aprile 2017,74.1295 $US
07 aprile 2017,74.1125 $US
06 aprile 2017,74.1603 $ USA
05 aprile 2017,74.1804 $US
04 aprile 2017,74.2815 $US
03 aprile 2017,74.2398 $US
31 marzo 2017,74.3496 $US
30 marzo 2017,74.6649 $US
29 marzo 2017,74.5547 $US
28 marzo 2017,74.5760 $US
27 marzo 2017,74.0359 $US
24 marzo 2017,74.1005 $US
23 marzo 2017,74.0551 $US
22 marzo 2017,74.2877 $US
21 marzo 2017,74.4912 $US
20 marzo 2017,74.9613 $US
17 marzo 2017,74.9960 $US
16 marzo 2017,75.0082 $US
15 marzo 2017,$ 74.4556 USD
14 marzo 2017,"$74,0335 USD"
13 marzo 2017,$74.2624 USD
10 marzo 2017,"$74,0018 USD"
9 marzo 2017,$73.6122 USD
8 marzo 2017,$73.6692 USD
7 marzo 2017,$73.8802 USD
6 marzo 2017,$74.0419 USD
3 marzo 2017,$74.1201 USA
2 marzo 2017,$ 74.1663 USD
1 marzo 2017,$ 74.4252 USD
28 febbraio 2017,"$73,7747 USD"
27 febbraio 2017,"$73,8938 USD"
24 febbraio 2017,"$73,8957 USD"
23 febbraio 2017,$ 74.1258 USD
22 febbraio 2017,"$73,9737 USD"
21 febbraio 2017,"$73,9431 USD"
20 febbraio 2017,$73.7132 USD
17 febbraio 2017,$73.6581 USD
16 febbraio 2017,$73.7163 USD
15 febbraio 2017,$ 73.5471 USD
14 febbraio 2017,$ 73.1187 USD
13 febbraio 2017,"$73,1125 USD"
10 febbraio 2017,$ 72.7430 USD
9 febbraio 2017,$ 72.4388 USD
8 febbraio 2017,$ 72.2189 USD
febbraio 2017,$72.0192 USD
6 febbraio 2017,$ 72.0740 USD
3 febbraio 2017,$72.3062 USD
2 febbraio 2017,$71.9018 USD
1 febbraio 2017,$71.8163 USD
31 gennaio 2017,$71.7381 USD
30 gennaio 2017,"$71,7695 USD"
27 gennaio 2017,$ 72.1799 USD
26 gennaio 2017,$ 72.1871 USD
25 gennaio 2017,$ 72.2085 USD
24 gennaio 2017,$ 71.6377 USD
23 gennaio 2017,$ 71.2701 USD
20 gennaio 2017,$ 71.2400 USD
19 gennaio 2017,"$71,0048 USD"
18 gennaio 2017,$ 71.3756 USD
17 gennaio 2017,$ 71.2390 USD
16 gennaio 2017,$ 71.2246 USD
13 gennaio 2017,$71.4512 USD
12 gennaio 2017,$71.2970 USD
11 gennaio 2017,"$71,0059 USD"
10 gennaio 2017,$ 71.0478 USD
9 gennaio 2017,"$70,9025 USD"
6 gennaio 2017,$ 71.1556 USD
5 gennaio 2017,$71.1301 USD
4 gennaio 2017,$ 70.7421 USD
3 gennaio 2017,$ 70.1426 USD
30 dicembre 2016,"$69,8615 USD"
29 dicembre 2016,$ 69.8777 USD
28 dicembre 2016,$ 69.7230 USD
27 dicembre 2016,"$69,9931 USD"
23 dicembre 2016,$ 69.9205 USD
22 dicembre 2016,$ 69.8749 USD
21 dicembre 2016,$ 70.0135 USD
20 dicembre 2016,$ 70.0554 USD
19 dicembre 2016,"$69,9690 USD"
16 dicembre 2016,$ 69.8619 USD
15 dicembre 2016,$ 69.8691 USD
14 dicembre 2016,$70.6049 USD
13 dicembre 2016,"$70,9985 USD"
12 dicembre 2016,$ 70.4539 USD
9 dicembre 2016,$70.4904 USD
8 dicembre 2016,$ 70.2415 USD
7 dicembre 2016,$70.0060 USD
6 dicembre 2016,$ 69.1772 USD
5 dicembre 2016,$ 68.7530 USD
2 dicembre 2016,$ 68.4328 USD
1 dicembre 2016,$ 68.4725 USD
30 novembre 2016,$ 68.6000 USD
29 novembre 2016,$ 68.6760 USD
28 novembre 2016,$ 68.6284 USD
25 novembre 2016,$ 68.8398 USD
24 novembre 2016,$ 68.5346 USD
23 novembre 2016,68.4349 $US
22 novembre 2016,68.5740 $US
21 novembre 2016,68.3906 $US
18 novembre 2016,67.9078 $US
17 novembre 2016,68.2697 $ USA
16 novembre 2016,67.9710 $US
15 novembre 2016,68.0434 $US
14 novembre 2016,67.6913 $US
11 novembre 2016,67.9229 $US
10 novembre 2016,68.3007 $ USA
09 novembre 2016,68.0955 $US
08 novembre 2016,68.1240 $US
07 novembre 2016,67.8288 $US
04 novembre 2016,66.8119 $US
03 novembre 2016,67.1055 $US
02 novembre 2016,67.3320 $US
01 novembre 2016,67.8138 $US
31 ottobre 2016,68.0652 $US
28 ottobre 2016,68.0528 $US
27 ottobre 2016,68.1896 $ USA
26 ottobre 2016,68.4206 $ USA
25 ottobre 2016,68.5186 $US
24 ottobre 2016,68.6915 $US
21 ottobre 2016,68.4572 $US
20 ottobre 2016,68.5804 $US
19 ottobre 2016,68.6680 $US
18 ottobre 2016,68.4204 $ USA
17 ottobre 2016,67.8220 $US
14 ottobre 2016,68.0584 $US
13 ottobre 2016,67.8513 $US
12 ottobre 2016,68.1559 $US
11 ottobre 2016,68.3577 $US
10 ottobre 2016,69.1314 $US
07 ottobre 2016,68.8747 $US
06 ottobre 2016,69.1013 $US
05 ottobre 2016,69.1780 $US
04 ottobre 2016,69.0601 $US
03 ottobre 2016,69.1978 $US
30 settembre 2016,69.2165 $US
29 settembre 2016,69.0986 $US
28 settembre 2016,69.2845 $US
27 settembre 2016,69.0295 $US
26 settembre 2016,68.7971 $US
23 settembre 2016,69.4224 $US
22 settembre 2016,69.8317 $US
21 settembre 2016,69.3891 $US
20 settembre 2016,68.6716 $US
19 settembre 2016,68.6542 $US
16 settembre 2016,68.2979 $US
15 settembre 2016,68.6239 $US
14 settembre 2016,68.1588 $US
13 settembre 2016,68.2582 $US
12 settembre 2016,69.0185 $US
09 settembre 2016,68.9284 $US
settembre 2016,$ 70.3736 USD
7 settembre 2016,$ 70.4658 USD
6 settembre 2016,$ 70.3691 USD
5 settembre 2016,"$69,9494 USD"
2 settembre 2016,$ 69.7621 USD
1 settembre 2016,$ 69.2991 USD
31 agosto 2016,$ 69.1710 USD
30 agosto 2016,$ 69.3503 USD
29 agosto 2016,$ 69.3888 USD
26 agosto 2016,"$69,4523 USD"
25 agosto 2016,$ 69.4758 USD
24 agosto 2016,$ 69.6039 USD
23 agosto 2016,"$69,9285 USD"
22 agosto 2016,"$69,6947 USD"
19 agosto 2016,$ 69.7072 USD
18 agosto 2016,$ 69.9350 USD
17 agosto 2016,$ 69.6876 USD
16 agosto 2016,"$69,6973 USD"
15 agosto 2016,$70.0012 USD
12 agosto 2016,"$69,8345 USD"
11 agosto 2016,$ 69.8016 USD
10 agosto 2016,$ 69.4449 USD
9 agosto 2016,$ 69.4482 USD
8 agosto 2016,$ 69.0970 USD
5 agosto 2016,$ 68.8850 USD
4 agosto 2016,$ 68.4883 USD
agosto 2016,$ 68.2512 USD
2 agosto 2016,$ 68.4434 USD
1 agosto 2016,"$68,8833 USD"
29 luglio 2016,"$68,9621 USD"
28 luglio 2016,$ 68.4496 USD
27 luglio 2016,"$68,3937 USD"
26 luglio 2016,$ 68.3434 USD
25 luglio 2016,$ 68.2613 USD
22 luglio 2016,$ 68.3579 USD
21 luglio 2016,$ 68.3252 USD
20 luglio 2016,$ 68.3848 USD
19 luglio 2016,$ 68.0560 USD
18 luglio 2016,$ 68.2591 USD
15 luglio 2016,$ 68.1230 USD
14 luglio 2016,$ 68.1985 USD
13 luglio 2016,$ 67.8038 USD
12 luglio 2016,$ 67.6414 USD
11 luglio 2016,$ 67.0518 USD
8 luglio 2016,$ 66.3997 USD
7 luglio 2016,$ 65.7285 USD
6 luglio 2016,$ 65.5489 USD
5 luglio 2016,$ 65.8200 USD
4 luglio 2016,$ 66.4706 USD
1 luglio 2016,$ 66.4204 USD
30 giugno 2016,$66.1122
29 giugno 2016,"$65,3345 USD"
28 giugno 2016,$ 63.9227 USD
27 giugno 2016,$ 62.8484 USD
24 giugno 2016,$ 64.1694 USD
23 giugno 2016,$ 67.4996 USD
22 giugno 2016,$ 66.5930 USD
21 giugno 2016,$ 66.5888 USD
20 giugno 2016,$ 66.3811 USD
17 giugno 2016,$ 65.2289 USD
16 giugno 2016,$ 64.8801 USD
15 giugno 2016,$ 65.6624 USD
14 giugno 2016,$ 65.4916 USD
13 giugno 2016,$ 66.1013 USD
10 giugno 2016,$ 66.9380 USD
9 giugno 2016,$ 67.8912 USD
8 giugno 2016,$ 68.3112 USD
7 giugno 2016,$ 68.0565 USD
6 giugno 2016,"$67,6545 USD"
3 giugno 2016,"$67,3145 USD"
2 giugno 2016,$ 67.0672 USD
1 giugno 2016,$67.0060 USD
31 maggio 2016,"$67,0523 USD"
30 maggio 2016,$ 67.1301 USD
27 maggio 2016,$ 67.1012 USD
26 maggio 2016,$ 66.9129 USD
25 maggio 2016,$ 66.7603 USD
24 maggio 2016,$ 66.1296 USD
23 maggio 2016,$ 65.4735 USD
20 maggio 2016,65.5813 $US
19 maggio 2016,65.1034 $ USA
18 maggio 2016,65.6773 $US
17 maggio 2016,65.7456 $US
16 maggio 2016,65.9288 $US
13 maggio 2016,65.4637 $US
12 maggio 2016,66.0518 $US
11 maggio 2016,66.1611 $US
10 maggio 2016,66.4535 $US
09 maggio 2016,65.6983 $US
06 maggio 2016,65.7387 $US
05 maggio 2016,65.6872 $US
04 maggio 2016,65.8075 $US
03 maggio 2016,66.3764 $US
02 maggio 2016,67.0871 $US
29 aprile 2016,66.9474 $US
28 aprile 2016,67.1992 $US
27 aprile 2016,67.4774 $US
26 aprile 2016,67.4494 $US
25 aprile 2016,67.3104 $US
22 aprile 2016,67.4723 $US
21 aprile 2016,67.6968 $US
20 aprile 2016,67.8215 $US
19 aprile 2016,67.7780 $US
18 aprile 2016,67.0666 $US
15 aprile 2016,66.9289 $US
14 aprile 2016,66.9721 $US
13 aprile 2016,66.7335 $US
12 aprile 2016,65.8301 $US
11 aprile 2016,65.3519 $US
08 aprile 2016,65.2779 $US
07 aprile 2016,64.8355 $US
06 aprile 2016,65.2231 $US
05 aprile 2016,64.7158 $US
04 aprile 2016,65.6283 $US
01 aprile 2016,65.5833 $US
31 marzo 2016,65.9685 $US
30 marzo 2016,66.1186 $US
29 marzo 2016,65.3486 $US
28 marzo 2016,65.0075 $US
24 marzo 2016,64.8067 $US
23 marzo 2016,65.1917 $US
22 marzo 2016,65.6881 $US
21 marzo 2016,65.6710 $US
18 marzo 2016,65.7202 $US
17 marzo 2016,65.5482 $US
16 marzo 2016,64.8194 $US
15 marzo 2016,64.7397 $US
14 marzo 2016,65.1430 $ USA
11 marzo 2016,65.0610 $US
10 marzo 2016,63.9329 $US
09 marzo 2016,63.9413 $US
08 marzo 2016,63.7789 $US
07 marzo 2016,64.3272 $US
04 marzo 2016,64.3089 USD
3 marzo 2016,$ 63.8590 USD
2 marzo 2016,$ 63.3658 USD
1 marzo 2016,"$62,7465 USD"
29 febbraio 2016,$ 61.6441 USD
26 febbraio 2016,"$61,8957 USD"
25 febbraio 2016,$ 61.8420 USD
24 febbraio 2016,$ 61.1471 USD
23 febbraio 2016,$ 61.4330 USD
22 febbraio 2016,$ 62.0796 USD
19 febbraio 2016,$ 61.3083 USD
18 febbraio 2016,$ 61.5476 USD
17 febbraio 2016,$ 61.4427 USD
16 febbraio 2016,"$60,5524 USD"
15 febbraio 2016,"$59,9509 USD"
12 febbraio 2016,$ 59.1653 USD
11 febbraio 2016,$ 58.5905 USD
10 febbraio 2016,$ 59.3429 USD
9 febbraio 2016,$ 59.4151 USD
8 febbraio 2016,$ 59.8276 USD
5 febbraio 2016,"$60,7567 USD"
4 febbraio 2016,$ 61.6258 USD
3 febbraio 2016,$ 61.1823 USD
2 febbraio 2016,$ 61.1669 USD
1 febbraio 2016,$ 62.2517 USD
29 gennaio 2016,$ 62.0793 USD
28 gennaio 2016,$ 60.8610 USD
27 gennaio 2016,$ 60.7641 USD
26 gennaio 2016,$ 60.8292 USD
25 gennaio 2016,"$60,3855 USD"
22 gennaio 2016,$ 60.8891 USD
21 gennaio 2016,$ 59.3011 USD
20 gennaio 2016,$ 59.1382 USD
19 gennaio 2016,$ 60.3519 USD
18 gennaio 2016,$ 60.0388 USD
15 gennaio 2016,$ 60.3404 USD
14 gennaio 2016,$ 61.4461 USD
13 gennaio 2016,$ 61.3659 USD
12 gennaio 2016,$ 61.8980 USD
11 gennaio 2016,$ 61.7809 USD
8 gennaio 2016,$ 62.0562 USD
7 gennaio 2016,$ 62.5685 USD
6 gennaio 2016,"$63,9335 USD"
5 gennaio 2016,$ 64.7288 USD
4 gennaio 2016,$ 64.7418 USD
31 dicembre 2015,$ 66.0870 USD
30 dicembre 2015,$ 66.5416 USD
29 dicembre 2015,$ 66.9211 USD
28 dicembre 2015,$ 66.3642 USD
24 dicembre 2015,$ 66.5119 USD
23 dicembre 2015,$ 66.4076 USD
22 dicembre 2015,$ 65.5770 USD
21 dicembre 2015,"65,1518 dollari USA"
18 dicembre 2015,"64,9418 dollari USA"
17 dicembre 2015,"65,7859 dollari USA"
16 dicembre 2015,"66,4587 dollari USA"
15 dicembre 2015,"65,5793 dollari USA"
14 dicembre 2015,"65,0120 dollari USA"
11 dicembre 2015,"65,2284 dollari USA"
10 dicembre 2015,"66,2618 dollari USA"
09 dicembre 2015,"66,3350 dollari USA"
08 dicembre 2015,"66,5489 dollari USA"
07 dicembre 2015,"67,2283 dollari USA"
4 dicembre 2015,"67,5475 dollari USA"
03 dicembre 2015,"67,0299 dollari USA"
02 dicembre 2015,"67,6753 dollari USA"
01 dicembre 2015,68.1965 $US
30 novembre 2015,"67,5369 dollari USA"
27 novembre 2015,"67,8317 dollari USA"
26 novembre 2015,"68,0509 dollari USA"
25 novembre 2015,"67,8145 dollari USA"
24 novembre 2015,"67,7564 dollari USA"
23 novembre 2015,"67,8396 dollari USA"
20 novembre 2015,"68,0553 dollari USA"
19 novembre 2015,"67,9192 dollari USA"
18 novembre 2015,"67,4580 dollari USA"
17 novembre 2015,"66,9293 dollari USA"
16 novembre 2015,"66,5164 dollari USA"
13 novembre 2015,66.1133 $US
12 novembre 2015,66.8282 $US
11 novembre 2015,67.5363 $US
10 novembre 2015,67.4717 $US
09 novembre 2015,67.5797 $US
06 novembre 2015,68.0970 $US
05 novembre 2015,68.4089 $US
04 novembre 2015,68.5323 $US
03 novembre 2015,68.5902 $US
02 novembre 2015,$ 68.4328 USD
30 ottobre 2015,68.1023 $ USA
29 ottobre 2015,68.1039 $US
28 ottobre 2015,68.4899 $US
27 ottobre 2015,67.8714 $US
26 ottobre 2015,68.2302 $US
23 ottobre 2015,68.2993 $US
22 ottobre 2015,67.6041 $US
21 ottobre 2015,67.0135 $US
20 ottobre 2015,67.2029 $US
19 ottobre 2015,67.3026 $US
16 ottobre 2015,67.4239 $US
15 ottobre 2015,67.1355 $US
14 ottobre 2015,66.1942 $US
13 ottobre 2015,66.5210 $US
12 ottobre 2015,67.0775 $US
09 ottobre 2015,67.0127 $ USA
08 ottobre 2015,66.5572 $US
07 ottobre 2015,66.2179 $US
06 ottobre 2015,65.5915 $US
05 ottobre 2015,65.4065 $US
02 ottobre 2015,64.1831 $US
01 ottobre 2015,63.4487 $ USA
30 settembre 2015,63.1772 $ USA
29 settembre 2015,61.9284 $US
28 settembre 2015,62.3312 $US
25 settembre 2015,63.5556 $US
24 settembre 2015,63.2615 $US
23 settembre 2015,63.6460 $US
22 settembre 2015,63.9171 $US
21 settembre 2015,64.9731 $US
18 settembre 2015,65.1460 $US
17 settembre 2015,65.9200 $US
16 settembre 2015,66.2329 $US
15 settembre 2015,65.3963 $US
14 settembre 2015,64.9241 $US
11 settembre 2015,65.1180 $US
10 settembre 2015,65.0666 $US
09 settembre 2015,65.2156 $US
08 settembre 2015,64.9823 $US
07 settembre 2015,63.8761 $US
04 settembre 2015,63.8492 $US
03 settembre 2015,64.9302 $US
02 settembre 2015,64.6247 $ USA
01 settembre 2015,64.1357 $US
31 agosto 2015,65.8979 USD
28 agosto 2015,"$66,3518 USD"
27 agosto 2015,"$66,0043 USD"
26 agosto 2015,$ 64.5845 USD
25 agosto 2015,$ 63.4153 USD
24 agosto 2015,$ 63.4923 USD
21 agosto 2015,$ 66.0327 USD
20 agosto 2015,$ 67.8263 USD
19 agosto 2015,$ 68.9298 USD
18 agosto 2015,$ 69.6427 USD
17 agosto 2015,$ 69.8672 USD
14 agosto 2015,$ 69.7493 USD
13 agosto 2015,"$69,6652 USD"
12 agosto 2015,$ 69.6423 USD
11 agosto 2015,$ 70.0297 USD
10 agosto 2015,$70.7118 USD
7 agosto 2015,"$69,9964 USD"
6 agosto 2015,$ 70.1722 USD
5 agosto 2015,$ 70.5582 USD
4 agosto 2015,$ 70.4235 USD
3 agosto 2015,$ 70.4785 USD
31 luglio 2015,$70.7112 USD
30 luglio 2015,$ 70.4365 USD
29 luglio 2015,$ 70.5127 USD
28 luglio 2015,"$69,9467 USD"
27 luglio 2015,$ 69.4761 USD
24 luglio 2015,70.0508 USD
23 luglio 2015,"$70,7705 USD"
22 luglio 2015,"$70,9638 USD"
21 luglio 2015,$ 71.4369 USD
20 luglio 2015,$ 71.5491 USD
17 luglio 2015,$71.5514 USD
16 luglio 2015,$ 71.5845 USD
15 luglio 2015,$71.0562 USD
14 luglio 2015,$ 71.1165 USD
13 luglio 2015,$ 70.7442 USD
10 luglio 2015,"$70,1075 USD"
9 luglio 2015,$ 69.0850 USD
8 luglio 2015,$ 68.5783 USD
7 luglio 2015,$ 69.4412 USD
6 luglio 2015,$ 69.6988 USD
3 luglio 2015,$ 70.4086 USD
2 luglio 2015,$ 70.5629 USD
1 luglio 2015,$ 70.5576 USD
30 giugno 2015,$ 70.1280 USD
29 giugno 2015,"$70,0822 USD"
26 giugno 2015,$ 71.6254 USD
25 giugno 2015,"$71,8632 USD"
24 giugno 2015,$72.0459 USD
23 giugno 2015,$ 72.3950 USD
22 giugno 2015,$ 72.3487 USD
19 giugno 2015,$ 71.4899 USD
18 giugno 2015,$71.7159 USD
17 giugno 2015,$ 71.4879 USD
16 giugno 2015,$71.5144 USD
15 giugno 2015,$ 71.3216 USD
12 giugno 2015,$ 71.8623 USD
11 giugno 2015,$ 72.1688 USD
10 giugno 2015,$ 72.0685 USD
9 giugno 2015,$71.1006 USD
8 giugno 2015,$ 71.1733 USD
5 giugno 2015,$ 71.4917 USD
4 giugno 2015,$ 72.0899 USD
3 giugno 2015,"$72,6558 USD"
2 giugno 2015,$ 72.4179 USD
1 giugno 2015,$ 72.2813 USD
29 maggio 2015,$ 72.3199 USD
28 maggio 2015,$72.7904 USD
27 maggio 2015,"$72,9330 USD"
26 maggio 2015,$ 72.5377 USD
25 maggio 2015,$ 73.4170 USD
22 maggio 2015,$73.4126 USD
21 maggio 2015,$ 73.6275 USD
20 maggio 2015,$73.4009 USD
19 maggio 2015,$73.4219 USD
18 maggio 2015,$73.5916 USD
15 maggio 2015,$73.5349 USD
14 maggio 2015,$73.3291 USD
13 maggio 2015,$ 72.8187 USD
12 maggio 2015,$ 72.5587 USD
11 maggio 2015,72.7481 $US
08 maggio 2015,72.9111 $US
07 maggio 2015,71.8992 $US
06 maggio 2015,72.1337 $US
05 maggio 2015,72.2009 $US
04 maggio 2015,72.8127 $ USA
01 maggio 2015,72.6502 $US
30 aprile 2015,72.3532 $US
29 aprile 2015,73.0665 $US
28 aprile 2015,73.3860 $US
27 aprile 2015,73.2956 $US
24 aprile 2015,73.1967 $US
23 aprile 2015,72.8675 $US
22 aprile 2015,72.6160 $US
21 aprile 2015,72.3904 $US
20 aprile 2015,72.2055 $US
17 aprile 2015,71.9125 $US
16 aprile 2015,72.6204 $US
15 aprile 2015,72.3848 $US
14 aprile 2015,72.2454 $US
13 aprile 2015,72.0039 $US
10 aprile 2015,72.2111 $US
09 aprile 2015,71.8931 $US
08 aprile 2015,71.6339 $US
07 aprile 2015,71.4205 $US
06 aprile 2015,71.4148 $US
02 aprile 2015,70.7707 $US
01 aprile 2015,70.2747 $ USA
31 marzo 2015,70.3032 $US
30 marzo 2015,70.8506 $US
27 marzo 2015,70.3175 $US
26 marzo 2015,70.3079 $US
25 marzo 2015,70.8319 $US
24 marzo 2015,71.4050 $US
23 marzo 2015,71.5753 $US
20 marzo 2015,71.3923 $US
19 marzo 2015,70.5117 $ USA
18 marzo 2015,70.8165 $US
17 marzo 2015,70.1219 $US
16 marzo 2015,70.1869 $US
13 marzo 2015,69.4610 $US
12 marzo 2015,69.8505 $US
11 marzo 2015,69.1412 $US
10 marzo 2015,69.1942 $US
09 marzo 2015,70.3568 $US
06 marzo 2015,70.4549 $US
05 marzo 2015,71.2492 $US
04 marzo 2015,71.1459 $US
03 marzo 2015,71.4946 $US
02 marzo 2015,71.7842 $US
27 febbraio 2015,71.6571 $US
26 febbraio 2015,71.7180 $US
25 febbraio 2015,71.8169 $US
24 febbraio 2015,71.6986 $US
23 febbraio 2015,$71.5012 USD
20 febbraio 2015,$71.4322 USD
19 febbraio 2015,$ 71.1765 USD
18 febbraio 2015,$ 71.0896 USD
17 febbraio 2015,$70.9133 USD
16 febbraio 2015,"$70,8435 USD"
13 febbraio 2015,$ 70.8287 USD
12 febbraio 2015,$ 70.3236 USD
11 febbraio 2015,$ 69.5190 USD
10 febbraio 2015,$ 69.6994 USD
9 febbraio 2015,"$69,3332"
6 febbraio 2015,"$69,5957 USD"
5 febbraio 2015,$ 69.8740 USD
4 febbraio 2015,$ 69.4232 USD
3 febbraio 2015,$ 69.3693 USD
2 febbraio 2015,$ 68.5390 USD
30 gennaio 2015,"$67,9233"
29 gennaio 2015,$ 68.5810 USD
28 gennaio 2015,$ 68.5030 USD
27 gennaio 2015,$ 69.1136 USD
26 gennaio 2015,$ 69.3294 USD
23 gennaio 2015,$ 69.1841 USD
22 gennaio 2015,$ 69.2284 USD
21 gennaio 2015,$ 68.5884 USD
20 gennaio 2015,$ 68.1302 USD
19 gennaio 2015,"$67,9614 USD"
16 gennaio 2015,$ 67.7495 USD
15 gennaio 2015,$ 67.3295 USD
14 gennaio 2015,$ 67.3840 USD
13 gennaio 2015,$ 67.8722 USD
12 gennaio 2015,$ 67.7888 USD
9 gennaio 2015,$ 68.0816 USD
8 gennaio 2015,$ 68.4220 USD
7 gennaio 2015,$ 67.1429 USD
6 gennaio 2015,$ 66.8148 USD
5 gennaio 2015,$ 67.4865 USD
2 gennaio 2015,"$68,7655 USD"
31 dicembre 2014,"$68,9529 USD"
30 dicembre 2014,"$69,3435 USD"
29 dicembre 2014,"$69,7485 USD"
26 dicembre 2014,$ 69.5979 USD
24 dicembre 2014,$ 69.4729 USD
23 dicembre 2014,$ 69.3948 USD
22 dicembre 2014,$ 69.4122 USD
19 dicembre 2014,$ 69.0882 USD
18 dicembre 2014,$ 68.6303 USD
17 dicembre 2014,$ 67.5418 USD
16 dicembre 2014,"$66,8857 USD"
15 dicembre 2014,"$66,9605 USD"
12 dicembre 2014,"$67,8035 USD"
11 dicembre 2014,$ 68.7141 USD
10 dicembre 2014,$ 68.7829 USD
09 dicembre 2014,"69,6744 dollari USA"
08 dicembre 2014,"69,9263 dollari USA"
05 dicembre 2014,"70,4158 dollari USA"
4 dicembre 2014,"70,3669 dollari USA"
03 dicembre 2014,"70,4579 dollari USA"
02 dicembre 2014,"70,3081 dollari USA"
01 dicembre 2014,"70,0949 dollari USA"
28 novembre 2014,"70,5775 dollari USA"
27 novembre 2014,"70,8153 dollari USA"
26 novembre 2014,"70,9340 dollari USA"
25 novembre 2014,"70,7203 dollari USA"
24 novembre 2014,"70,6211 dollari USA"
21 novembre 2014,"70,4651 dollari USA"
20 novembre 2014,"69,9292 dollari USA"
19 novembre 2014,"69,8986 dollari USA"
18 novembre 2014,"70,0170 dollari USA"